2026-03-11 14:01:47,161 [INFO] HTTP Request: GET https://lichess.org/api/account "HTTP/1.1 200 OK"
2026-03-11 14:01:48,088 [INFO] HTTP Request: GET https://lichess.org/api/stream/event "HTTP/1.1 200 OK"
2026-03-11 14:05:26,152 [INFO] HTTP Request: POST https://lichess.org/api/challenge/aMjWnaEA/decline "HTTP/1.1 200 OK"
2026-03-11 14:06:30,613 [INFO] HTTP Request: POST https://lichess.org/api/challenge/nCidqodJ/accept "HTTP/1.1 200 OK"
2026-03-11 14:06:34,151 [INFO] HTTP Request: GET https://lichess.org/api/bot/game/stream/nCidqodJ "HTTP/1.1 200 OK"
2026-03-11 14:06:34,633 [INFO] HTTP Request: GET https://lichess.org/api/account "HTTP/1.1 200 OK"
2026-03-11 14:06:34,634 [INFO] Playing as Black
2026-03-11 14:06:34,796 [INFO] HTTP Request: POST https://lichess.org/api/bot/game/nCidqodJ/chat "HTTP/1.1 200 OK"
2026-03-11 14:06:34,970 [INFO] HTTP Request: POST https://lichess.org/api/bot/game/nCidqodJ/move/c7c5 "HTTP/1.1 200 OK"
2026-03-11 14:07:05,060 [INFO] HTTP Request: POST https://lichess.org/api/bot/game/nCidqodJ/chat "HTTP/1.1 200 OK"
2026-03-11 14:07:05,791 [INFO] HTTP Request: POST https://lichess.org/api/bot/game/nCidqodJ/move/c5d4 "HTTP/1.1 200 OK"
2026-03-11 14:07:08,332 [INFO] CPL: 50.0 | Avg: 50.0 | n=1
2026-03-11 14:07:08,786 [INFO] HTTP Request: POST https://lichess.org/api/bot/game/nCidqodJ/move/d4c3 "HTTP/1.1 200 OK"
2026-03-11 14:07:12,325 [INFO] CPL: 69.0 | Avg: 59.5 | n=2
2026-03-11 14:07:12,760 [INFO] HTTP Request: POST https://lichess.org/api/bot/game/nCidqodJ/move/c3b2 "HTTP/1.1 200 OK"
2026-03-11 14:07:14,917 [INFO] CPL: 0.0 | Avg: 39.7 | n=3
2026-03-11 14:07:15,925 [INFO] HTTP Request: POST https://lichess.org/api/bot/game/nCidqodJ/move/b8c6 "HTTP/1.1 200 OK"
2026-03-11 14:07:19,734 [INFO] CPL: 14.0 | Avg: 33.2 | n=4
2026-03-11 14:07:20,518 [INFO] HTTP Request: POST https://lichess.org/api/bot/game/nCidqodJ/move/e7e6 "HTTP/1.1 200 OK"
2026-03-11 14:07:22,691 [INFO] CPL: 105.0 | Avg: 47.6 | n=5
2026-03-11 14:07:23,345 [INFO] HTTP Request: POST https://lichess.org/api/bot/game/nCidqodJ/move/c6a5 "HTTP/1.1 200 OK"
2026-03-11 14:07:26,612 [INFO] CPL: 211.0 | Avg: 74.8 | n=6
2026-03-11 14:07:27,258 [INFO] HTTP Request: POST https://lichess.org/api/bot/game/nCidqodJ/move/a7a6 "HTTP/1.1 200 OK"
2026-03-11 14:07:29,433 [INFO] CPL: 0.0 | Avg: 64.1 | n=7
2026-03-11 14:07:29,859 [INFO] HTTP Request: POST https://lichess.org/api/bot/game/nCidqodJ/move/b7b5 "HTTP/1.1 200 OK"
2026-03-11 14:07:32,937 [INFO] CPL: 14.0 | Avg: 57.9 | n=8
2026-03-11 14:07:33,268 [INFO] HTTP Request: POST https://lichess.org/api/bot/game/nCidqodJ/move/a5c4 "HTTP/1.1 200 OK"
2026-03-11 14:07:42,324 [INFO] HTTP Request: POST https://lichess.org/api/challenge/Gr8VKlmo/accept "HTTP/1.1 200 OK"
2026-03-11 14:07:44,554 [INFO] HTTP Request: GET https://lichess.org/api/bot/game/stream/Gr8VKlmo "HTTP/1.1 200 OK"
2026-03-11 14:07:45,041 [INFO] HTTP Request: GET https://lichess.org/api/account "HTTP/1.1 200 OK"
2026-03-11 14:07:45,042 [INFO] Playing as White
2026-03-11 14:07:45,248 [INFO] HTTP Request: POST https://lichess.org/api/bot/game/Gr8VKlmo/chat "HTTP/1.1 200 OK"
2026-03-11 14:07:45,423 [INFO] HTTP Request: POST https://lichess.org/api/bot/game/Gr8VKlmo/move/d2d4 "HTTP/1.1 200 OK"
2026-03-11 14:07:49,319 [INFO] HTTP Request: POST https://lichess.org/api/bot/game/Gr8VKlmo/chat "HTTP/1.1 200 OK"
2026-03-11 14:07:49,643 [INFO] HTTP Request: POST https://lichess.org/api/bot/game/Gr8VKlmo/move/d4e5 "HTTP/1.1 200 OK"
2026-03-11 14:07:52,990 [INFO] CPL: 0.0 | Avg: 0.0 | n=1
2026-03-11 14:07:53,339 [INFO] HTTP Request: POST https://lichess.org/api/bot/game/Gr8VKlmo/move/g1f3 "HTTP/1.1 200 OK"
2026-03-11 14:07:56,825 [INFO] CPL: 12.0 | Avg: 6.0 | n=2
2026-03-11 14:07:57,102 [INFO] HTTP Request: POST https://lichess.org/api/bot/game/Gr8VKlmo/move/c1f4 "HTTP/1.1 200 OK"
2026-03-11 14:07:58,837 [INFO] CPL: 2.0 | Avg: 4.7 | n=3
2026-03-11 14:08:01,563 [INFO] HTTP Request: POST https://lichess.org/api/bot/game/Gr8VKlmo/move/f3e5 "HTTP/1.1 200 OK"
2026-03-11 14:08:09,520 [INFO] CPL: 36.0 | Avg: 12.5 | n=4
2026-03-11 14:08:16,050 [INFO] HTTP Request: POST https://lichess.org/api/bot/game/Gr8VKlmo/move/f4e5 "HTTP/1.1 200 OK"
2026-03-11 14:08:18,176 [INFO] CPL: 83.0 | Avg: 26.6 | n=5
2026-03-11 14:08:19,865 [INFO] HTTP Request: POST https://lichess.org/api/bot/game/Gr8VKlmo/move/e5c7 "HTTP/1.1 200 OK"
2026-03-11 14:08:23,584 [INFO] CPL: 56.0 | Avg: 31.5 | n=6
2026-03-11 14:08:24,618 [INFO] HTTP Request: POST https://lichess.org/api/bot/game/Gr8VKlmo/move/c7g3 "HTTP/1.1 200 OK"
2026-03-11 14:08:27,687 [INFO] CPL: 14.0 | Avg: 29.0 | n=7
2026-03-11 14:08:28,462 [INFO] HTTP Request: POST https://lichess.org/api/bot/game/Gr8VKlmo/move/b1d2 "HTTP/1.1 200 OK"
2026-03-11 14:08:30,275 [INFO] CPL: 0.0 | Avg: 25.4 | n=8
2026-03-11 14:08:30,850 [INFO] HTTP Request: POST https://lichess.org/api/bot/game/Gr8VKlmo/move/a1b1 "HTTP/1.1 200 OK"
2026-03-11 14:08:32,798 [INFO] CPL: 48.0 | Avg: 27.9 | n=9
2026-03-11 14:08:33,314 [INFO] HTTP Request: POST https://lichess.org/api/bot/game/Gr8VKlmo/move/e2e4 "HTTP/1.1 200 OK"
2026-03-11 14:08:37,703 [INFO] CPL: 61.0 | Avg: 31.2 | n=10
2026-03-11 14:08:38,886 [INFO] HTTP Request: POST https://lichess.org/api/bot/game/Gr8VKlmo/move/f1b5 "HTTP/1.1 200 OK"
2026-03-11 14:08:40,853 [INFO] CPL: 0.0 | Avg: 28.4 | n=11
2026-03-11 14:08:41,921 [INFO] HTTP Request: POST https://lichess.org/api/bot/game/Gr8VKlmo/move/b5d7 "HTTP/1.1 200 OK"
2026-03-11 14:08:43,778 [INFO] CPL: 6.0 | Avg: 26.5 | n=12
2026-03-11 14:08:44,526 [INFO] HTTP Request: POST https://lichess.org/api/bot/game/Gr8VKlmo/move/b1b7 "HTTP/1.1 200 OK"
2026-03-11 14:08:46,435 [INFO] CPL: 33.0 | Avg: 27.0 | n=13
2026-03-11 14:08:47,169 [INFO] HTTP Request: POST https://lichess.org/api/bot/game/Gr8VKlmo/move/b7b3 "HTTP/1.1 200 OK"
2026-03-11 14:08:49,659 [INFO] CPL: 37.0 | Avg: 27.7 | n=14
2026-03-11 14:08:51,599 [INFO] HTTP Request: POST https://lichess.org/api/bot/game/Gr8VKlmo/move/d1f3 "HTTP/1.1 200 OK"
2026-03-11 14:08:54,386 [INFO] CPL: 95.0 | Avg: 32.2 | n=15
2026-03-11 14:08:54,974 [INFO] HTTP Request: POST https://lichess.org/api/bot/game/Gr8VKlmo/move/e4e5 "HTTP/1.1 200 OK"
2026-03-11 14:08:56,870 [INFO] CPL: 41.0 | Avg: 32.8 | n=16
2026-03-11 14:08:57,262 [INFO] HTTP Request: POST https://lichess.org/api/bot/game/Gr8VKlmo/move/f3a8 "HTTP/1.1 200 OK"
2026-03-11 14:39:58,446 [INFO] HTTP Request: GET https://lichess.org/api/account "HTTP/1.1 200 OK"
2026-03-11 14:39:58,453 [INFO] Logged in as: Inappropriate_BOT
2026-03-11 14:39:58,454 [INFO] StopBlunderingInOpeningsYouIdiot is ONLINE
2026-03-11 14:39:58,454 [INFO] Listening for events...
2026-03-11 14:39:59,268 [INFO] HTTP Request: GET https://lichess.org/api/stream/event "HTTP/1.1 200 OK"
2026-03-11 14:41:32,064 [INFO] Challenge: Study_Master156 | standard | classical | rated=False
2026-03-11 14:41:33,232 [INFO] HTTP Request: POST https://lichess.org/api/challenge/WZrBkXbZ/accept "HTTP/1.1 200 OK"
2026-03-11 14:41:33,233 [INFO] Accepted: Study_Master156
2026-03-11 14:41:33,234 [INFO] Game starting: WZrBkXbZ
2026-03-11 14:41:37,164 [INFO] Engine started
2026-03-11 14:41:37,650 [INFO] HTTP Request: GET https://lichess.org/api/bot/game/stream/WZrBkXbZ "HTTP/1.1 200 OK"
2026-03-11 14:41:38,157 [INFO] HTTP Request: GET https://lichess.org/api/account "HTTP/1.1 200 OK"
2026-03-11 14:41:38,159 [INFO] Playing as Black
2026-03-11 14:41:38,365 [INFO] HTTP Request: POST https://lichess.org/api/bot/game/WZrBkXbZ/chat "HTTP/1.1 200 OK"
2026-03-11 14:41:38,371 [INFO] Book move: e7e6
2026-03-11 14:41:38,534 [INFO] HTTP Request: POST https://lichess.org/api/bot/game/WZrBkXbZ/move/e7e6 "HTTP/1.1 200 OK"
2026-03-11 14:41:38,535 [INFO] Sent: e7e6
2026-03-11 14:41:41,222 [INFO] Out of book
2026-03-11 14:41:41,390 [INFO] HTTP Request: POST https://lichess.org/api/bot/game/WZrBkXbZ/chat "HTTP/1.1 200 OK"
2026-03-11 14:41:41,531 [INFO] Stockfish depth 12: c7c5
2026-03-11 14:41:42,031 [INFO] HTTP Request: POST https://lichess.org/api/bot/game/WZrBkXbZ/move/c7c5 "HTTP/1.1 200 OK"
2026-03-11 14:41:42,032 [INFO] Sent: c7c5
2026-03-11 14:41:47,313 [INFO] CPL: 48.0 | Avg: 48.0 | n=1
2026-03-11 14:41:47,356 [INFO] Stockfish depth 12: b8c6
2026-03-11 14:41:47,972 [INFO] HTTP Request: POST https://lichess.org/api/bot/game/WZrBkXbZ/move/b8c6 "HTTP/1.1 200 OK"
2026-03-11 14:41:47,974 [INFO] Sent: b8c6
2026-03-11 14:41:50,426 [INFO] CPL: 0.0 | Avg: 24.0 | n=2
2026-03-11 14:41:50,434 [INFO] Stockfish depth 12: d7d6
2026-03-11 14:41:50,598 [INFO] HTTP Request: POST https://lichess.org/api/bot/game/WZrBkXbZ/move/d7d6 "HTTP/1.1 200 OK"
2026-03-11 14:41:50,599 [INFO] Sent: d7d6
2026-03-11 14:41:54,895 [INFO] CPL: 8.0 | Avg: 18.7 | n=3
2026-03-11 14:41:56,185 [INFO] Stockfish depth 20: c5d4
2026-03-11 14:41:56,666 [INFO] HTTP Request: POST https://lichess.org/api/bot/game/WZrBkXbZ/move/c5d4 "HTTP/1.1 200 OK"
2026-03-11 14:41:56,668 [INFO] Sent: c5d4
2026-03-11 14:41:59,041 [INFO] CPL: 3.0 | Avg: 14.8 | n=4
2026-03-11 14:42:01,984 [INFO] Stockfish depth 22: d6e5
2026-03-11 14:42:02,519 [INFO] HTTP Request: POST https://lichess.org/api/bot/game/WZrBkXbZ/move/d6e5 "HTTP/1.1 200 OK"
2026-03-11 14:42:02,520 [INFO] Sent: d6e5
2026-03-11 14:42:04,163 [INFO] CPL: 0.0 | Avg: 11.8 | n=5
2026-03-11 14:42:05,659 [INFO] Stockfish depth 22: d8d1
2026-03-11 14:42:05,897 [INFO] HTTP Request: POST https://lichess.org/api/bot/game/WZrBkXbZ/move/d8d1 "HTTP/1.1 200 OK"
2026-03-11 14:42:05,898 [INFO] Sent: d8d1
2026-03-11 14:42:07,271 [INFO] CPL: 0.0 | Avg: 9.8 | n=6
2026-03-11 14:42:16,087 [INFO] Stockfish depth 22: b7c6
2026-03-11 14:42:16,763 [INFO] HTTP Request: POST https://lichess.org/api/bot/game/WZrBkXbZ/move/b7c6 "HTTP/1.1 200 OK"
2026-03-11 14:42:16,764 [INFO] Sent: b7c6
2026-03-11 14:42:20,133 [INFO] CPL: 0.0 | Avg: 8.4 | n=7
2026-03-11 14:42:27,785 [INFO] Stockfish depth 22: g8e7
2026-03-11 14:42:28,514 [INFO] HTTP Request: POST https://lichess.org/api/bot/game/WZrBkXbZ/move/g8e7 "HTTP/1.1 200 OK"
2026-03-11 14:42:28,515 [INFO] Sent: g8e7
2026-03-11 14:42:29,316 [INFO] CPL: 23.0 | Avg: 10.2 | n=8
2026-03-11 14:42:33,256 [INFO] Stockfish depth 22: e7f5
2026-03-11 14:42:33,488 [INFO] HTTP Request: POST https://lichess.org/api/bot/game/WZrBkXbZ/move/e7f5 "HTTP/1.1 200 OK"
2026-03-11 14:42:33,489 [INFO] Sent: e7f5
2026-03-11 14:42:33,692 [INFO] CPL: 44.0 | Avg: 14.0 | n=9
2026-03-11 14:42:37,255 [INFO] Stockfish depth 22: f5d4
2026-03-11 14:42:37,483 [INFO] HTTP Request: POST https://lichess.org/api/bot/game/WZrBkXbZ/move/f5d4 "HTTP/1.1 200 OK"
2026-03-11 14:42:37,484 [INFO] Sent: f5d4
2026-03-11 14:42:47,019 [INFO] CPL: 28.0 | Avg: 15.4 | n=10
2026-03-11 14:42:49,914 [INFO] Stockfish depth 20: c8b7
2026-03-11 14:42:50,650 [INFO] HTTP Request: POST https://lichess.org/api/bot/game/WZrBkXbZ/move/c8b7 "HTTP/1.1 200 OK"
2026-03-11 14:42:50,651 [INFO] Sent: c8b7
2026-03-11 14:42:52,311 [INFO] CPL: 31.0 | Avg: 16.8 | n=11
2026-03-11 14:42:53,813 [INFO] Stockfish depth 20: f7f5
2026-03-11 14:42:54,014 [INFO] HTTP Request: POST https://lichess.org/api/bot/game/WZrBkXbZ/move/f7f5 "HTTP/1.1 200 OK"
2026-03-11 14:42:54,016 [INFO] Sent: f7f5
2026-03-11 14:42:58,994 [INFO] CPL: 296.0 | Avg: 40.1 | n=12
2026-03-11 14:42:59,029 [INFO] Stockfish depth 14: c6b5
2026-03-11 14:42:59,539 [INFO] HTTP Request: POST https://lichess.org/api/bot/game/WZrBkXbZ/move/c6b5 "HTTP/1.1 200 OK"
2026-03-11 14:42:59,540 [INFO] Sent: c6b5
2026-03-11 14:43:01,676 [INFO] CPL: 9433.0 | Avg: 762.6 | n=13
2026-03-11 14:43:01,683 [INFO] Stockfish depth 5: b7e4
2026-03-11 14:43:01,869 [INFO] HTTP Request: POST https://lichess.org/api/bot/game/WZrBkXbZ/move/b7e4 "HTTP/1.1 200 OK"
2026-03-11 14:43:01,870 [INFO] Sent: b7e4
2026-03-11 14:43:03,613 [INFO] CPL: 0.0 | Avg: 708.1 | n=14
2026-03-11 14:43:03,623 [INFO] Stockfish depth 5: e4d3
2026-03-11 14:43:03,791 [INFO] HTTP Request: POST https://lichess.org/api/bot/game/WZrBkXbZ/move/e4d3 "HTTP/1.1 200 OK"
2026-03-11 14:43:03,792 [INFO] Sent: e4d3
2026-03-11 14:43:03,795 [INFO] Game finished: WZrBkXbZ | Active: 0
2026-03-20 18:10:55,272 [INFO] HTTP Request: GET https://lichess.org/api/account "HTTP/1.1 200 OK"
2026-03-20 18:10:55,275 [INFO] Logged in as: Inappropriate_BOT
2026-03-20 18:10:55,277 [INFO] StopBlunderingInOpeningsYouIdiot is ONLINE
2026-03-20 18:10:55,278 [INFO] Listening for events...
2026-03-20 18:10:56,234 [INFO] HTTP Request: GET https://lichess.org/api/stream/event "HTTP/1.1 200 OK"
2026-03-20 18:10:56,235 [INFO] Game starting: MnDd2yRV
2026-03-20 18:10:56,593 [ERROR] Game MnDd2yRV error: [WinError 2] The system cannot find the file specified
Traceback (most recent call last):
  File "C:\Users\Aarav\OneDrive\Documents\Codes\pythonCodes\Chess\Lichess Bot\bot.py", line 109, in _run_game
    await GameHandler(game_id, self.token).run()
  File "C:\Users\Aarav\OneDrive\Documents\Codes\pythonCodes\Chess\Lichess Bot\game_handler.py", line 31, in run
    await self._start_engine()
  File "C:\Users\Aarav\OneDrive\Documents\Codes\pythonCodes\Chess\Lichess Bot\game_handler.py", line 165, in _start_engine
    self.engine = await loop.run_in_executor(
                  ^^^^^^^^^^^^^^^^^^^^^^^^^^^
  File "C:\Users\Aarav\AppData\Local\Programs\Python\Python311\Lib\concurrent\futures\thread.py", line 58, in run
    result = self.fn(*self.args, **self.kwargs)
             ^^^^^^^^^^^^^^^^^^^^^^^^^^^^^^^^^^
  File "C:\Users\Aarav\OneDrive\Documents\Codes\pythonCodes\Chess\Lichess Bot\game_handler.py", line 166, in <lambda>
    None, lambda: chess.engine.SimpleEngine.popen_uci(Config.STOCKFISH_PATH)
                  ^^^^^^^^^^^^^^^^^^^^^^^^^^^^^^^^^^^^^^^^^^^^^^^^^^^^^^^^^^
  File "C:\Users\Aarav\AppData\Local\Programs\Python\Python311\Lib\site-packages\chess\engine.py", line 3052, in popen_uci
    return cls.popen(UciProtocol, command, timeout=timeout, debug=debug, setpgrp=setpgrp, **popen_args)
           ^^^^^^^^^^^^^^^^^^^^^^^^^^^^^^^^^^^^^^^^^^^^^^^^^^^^^^^^^^^^^^^^^^^^^^^^^^^^^^^^^^^^^^^^^^^^
  File "C:\Users\Aarav\AppData\Local\Programs\Python\Python311\Lib\site-packages\chess\engine.py", line 3044, in popen
    return run_in_background(background, name=f"{cls.__name__} (command={command!r})", debug=debug)
           ^^^^^^^^^^^^^^^^^^^^^^^^^^^^^^^^^^^^^^^^^^^^^^^^^^^^^^^^^^^^^^^^^^^^^^^^^^^^^^^^^^^^^^^^
  File "C:\Users\Aarav\AppData\Local\Programs\Python\Python311\Lib\site-packages\chess\engine.py", line 77, in run_in_background
    return future.result()
           ^^^^^^^^^^^^^^^
  File "C:\Users\Aarav\AppData\Local\Programs\Python\Python311\Lib\concurrent\futures\_base.py", line 456, in result
    return self.__get_result()
           ^^^^^^^^^^^^^^^^^^^
  File "C:\Users\Aarav\AppData\Local\Programs\Python\Python311\Lib\concurrent\futures\_base.py", line 401, in __get_result
    raise self._exception
  File "C:\Users\Aarav\AppData\Local\Programs\Python\Python311\Lib\site-packages\chess\engine.py", line 71, in background
    asyncio.run(coroutine(future), debug=debug)
  File "C:\Users\Aarav\AppData\Local\Programs\Python\Python311\Lib\asyncio\runners.py", line 190, in run
    return runner.run(main)
           ^^^^^^^^^^^^^^^^
  File "C:\Users\Aarav\AppData\Local\Programs\Python\Python311\Lib\asyncio\runners.py", line 118, in run
    return self._loop.run_until_complete(task)
           ^^^^^^^^^^^^^^^^^^^^^^^^^^^^^^^^^^^
  File "C:\Users\Aarav\AppData\Local\Programs\Python\Python311\Lib\asyncio\base_events.py", line 654, in run_until_complete
    return future.result()
           ^^^^^^^^^^^^^^^
  File "C:\Users\Aarav\AppData\Local\Programs\Python\Python311\Lib\site-packages\chess\engine.py", line 3032, in background
    transport, protocol = await Protocol.popen(command, setpgrp=setpgrp, **popen_args)
                          ^^^^^^^^^^^^^^^^^^^^^^^^^^^^^^^^^^^^^^^^^^^^^^^^^^^^^^^^^^^^
  File "C:\Users\Aarav\AppData\Local\Programs\Python\Python311\Lib\site-packages\chess\engine.py", line 1212, in popen
    return await asyncio.get_running_loop().subprocess_exec(cls, *command, **popen_args)
           ^^^^^^^^^^^^^^^^^^^^^^^^^^^^^^^^^^^^^^^^^^^^^^^^^^^^^^^^^^^^^^^^^^^^^^^^^^^^^
  File "C:\Users\Aarav\AppData\Local\Programs\Python\Python311\Lib\asyncio\base_events.py", line 1708, in subprocess_exec
    transport = await self._make_subprocess_transport(
                ^^^^^^^^^^^^^^^^^^^^^^^^^^^^^^^^^^^^^^
  File "C:\Users\Aarav\AppData\Local\Programs\Python\Python311\Lib\asyncio\windows_events.py", line 399, in _make_subprocess_transport
    transp = _WindowsSubprocessTransport(self, protocol, args, shell,
             ^^^^^^^^^^^^^^^^^^^^^^^^^^^^^^^^^^^^^^^^^^^^^^^^^^^^^^^^
  File "C:\Users\Aarav\AppData\Local\Programs\Python\Python311\Lib\asyncio\base_subprocess.py", line 36, in __init__
    self._start(args=args, shell=shell, stdin=stdin, stdout=stdout,
  File "C:\Users\Aarav\AppData\Local\Programs\Python\Python311\Lib\asyncio\windows_events.py", line 929, in _start
    self._proc = windows_utils.Popen(
                 ^^^^^^^^^^^^^^^^^^^^
  File "C:\Users\Aarav\AppData\Local\Programs\Python\Python311\Lib\asyncio\windows_utils.py", line 153, in __init__
    super().__init__(args, stdin=stdin_rfd, stdout=stdout_wfd,
  File "C:\Users\Aarav\AppData\Local\Programs\Python\Python311\Lib\subprocess.py", line 1026, in __init__
    self._execute_child(args, executable, preexec_fn, close_fds,
  File "C:\Users\Aarav\AppData\Local\Programs\Python\Python311\Lib\subprocess.py", line 1538, in _execute_child
    hp, ht, pid, tid = _winapi.CreateProcess(executable, args,
                       ^^^^^^^^^^^^^^^^^^^^^^^^^^^^^^^^^^^^^^^
FileNotFoundError: [WinError 2] The system cannot find the file specified
2026-03-20 18:12:49,872 [INFO] HTTP Request: GET https://lichess.org/api/account "HTTP/1.1 200 OK"
2026-03-20 18:12:49,876 [INFO] Logged in as: Inappropriate_BOT
2026-03-20 18:12:49,877 [INFO] StopBlunderingInOpeningsYouIdiot is ONLINE
2026-03-20 18:12:49,878 [INFO] Listening for events...
2026-03-20 18:12:50,803 [INFO] HTTP Request: GET https://lichess.org/api/stream/event "HTTP/1.1 200 OK"
2026-03-20 18:12:50,804 [INFO] Game starting: MnDd2yRV
2026-03-20 18:12:51,458 [ERROR] Game MnDd2yRV error: [WinError 2] The system cannot find the file specified
Traceback (most recent call last):
  File "C:\Users\Aarav\OneDrive\Documents\Codes\pythonCodes\Chess\Lichess Bot\bot.py", line 109, in _run_game
    await GameHandler(game_id, self.token).run()
  File "C:\Users\Aarav\OneDrive\Documents\Codes\pythonCodes\Chess\Lichess Bot\game_handler.py", line 31, in run
    await self._start_engine()
  File "C:\Users\Aarav\OneDrive\Documents\Codes\pythonCodes\Chess\Lichess Bot\game_handler.py", line 165, in _start_engine
    self.engine = await loop.run_in_executor(
                  ^^^^^^^^^^^^^^^^^^^^^^^^^^^
  File "C:\Users\Aarav\AppData\Local\Programs\Python\Python311\Lib\concurrent\futures\thread.py", line 58, in run
    result = self.fn(*self.args, **self.kwargs)
             ^^^^^^^^^^^^^^^^^^^^^^^^^^^^^^^^^^
  File "C:\Users\Aarav\OneDrive\Documents\Codes\pythonCodes\Chess\Lichess Bot\game_handler.py", line 166, in <lambda>
    None, lambda: chess.engine.SimpleEngine.popen_uci(Config.STOCKFISH_PATH)
                  ^^^^^^^^^^^^^^^^^^^^^^^^^^^^^^^^^^^^^^^^^^^^^^^^^^^^^^^^^^
  File "C:\Users\Aarav\AppData\Local\Programs\Python\Python311\Lib\site-packages\chess\engine.py", line 3052, in popen_uci
    return cls.popen(UciProtocol, command, timeout=timeout, debug=debug, setpgrp=setpgrp, **popen_args)
           ^^^^^^^^^^^^^^^^^^^^^^^^^^^^^^^^^^^^^^^^^^^^^^^^^^^^^^^^^^^^^^^^^^^^^^^^^^^^^^^^^^^^^^^^^^^^
  File "C:\Users\Aarav\AppData\Local\Programs\Python\Python311\Lib\site-packages\chess\engine.py", line 3044, in popen
    return run_in_background(background, name=f"{cls.__name__} (command={command!r})", debug=debug)
           ^^^^^^^^^^^^^^^^^^^^^^^^^^^^^^^^^^^^^^^^^^^^^^^^^^^^^^^^^^^^^^^^^^^^^^^^^^^^^^^^^^^^^^^^
  File "C:\Users\Aarav\AppData\Local\Programs\Python\Python311\Lib\site-packages\chess\engine.py", line 77, in run_in_background
    return future.result()
           ^^^^^^^^^^^^^^^
  File "C:\Users\Aarav\AppData\Local\Programs\Python\Python311\Lib\concurrent\futures\_base.py", line 456, in result
    return self.__get_result()
           ^^^^^^^^^^^^^^^^^^^
  File "C:\Users\Aarav\AppData\Local\Programs\Python\Python311\Lib\concurrent\futures\_base.py", line 401, in __get_result
    raise self._exception
  File "C:\Users\Aarav\AppData\Local\Programs\Python\Python311\Lib\site-packages\chess\engine.py", line 71, in background
    asyncio.run(coroutine(future), debug=debug)
  File "C:\Users\Aarav\AppData\Local\Programs\Python\Python311\Lib\asyncio\runners.py", line 190, in run
    return runner.run(main)
           ^^^^^^^^^^^^^^^^
  File "C:\Users\Aarav\AppData\Local\Programs\Python\Python311\Lib\asyncio\runners.py", line 118, in run
    return self._loop.run_until_complete(task)
           ^^^^^^^^^^^^^^^^^^^^^^^^^^^^^^^^^^^
  File "C:\Users\Aarav\AppData\Local\Programs\Python\Python311\Lib\asyncio\base_events.py", line 654, in run_until_complete
    return future.result()
           ^^^^^^^^^^^^^^^
  File "C:\Users\Aarav\AppData\Local\Programs\Python\Python311\Lib\site-packages\chess\engine.py", line 3032, in background
    transport, protocol = await Protocol.popen(command, setpgrp=setpgrp, **popen_args)
                          ^^^^^^^^^^^^^^^^^^^^^^^^^^^^^^^^^^^^^^^^^^^^^^^^^^^^^^^^^^^^
  File "C:\Users\Aarav\AppData\Local\Programs\Python\Python311\Lib\site-packages\chess\engine.py", line 1212, in popen
    return await asyncio.get_running_loop().subprocess_exec(cls, *command, **popen_args)
           ^^^^^^^^^^^^^^^^^^^^^^^^^^^^^^^^^^^^^^^^^^^^^^^^^^^^^^^^^^^^^^^^^^^^^^^^^^^^^
  File "C:\Users\Aarav\AppData\Local\Programs\Python\Python311\Lib\asyncio\base_events.py", line 1708, in subprocess_exec
    transport = await self._make_subprocess_transport(
                ^^^^^^^^^^^^^^^^^^^^^^^^^^^^^^^^^^^^^^
  File "C:\Users\Aarav\AppData\Local\Programs\Python\Python311\Lib\asyncio\windows_events.py", line 399, in _make_subprocess_transport
    transp = _WindowsSubprocessTransport(self, protocol, args, shell,
             ^^^^^^^^^^^^^^^^^^^^^^^^^^^^^^^^^^^^^^^^^^^^^^^^^^^^^^^^
  File "C:\Users\Aarav\AppData\Local\Programs\Python\Python311\Lib\asyncio\base_subprocess.py", line 36, in __init__
    self._start(args=args, shell=shell, stdin=stdin, stdout=stdout,
  File "C:\Users\Aarav\AppData\Local\Programs\Python\Python311\Lib\asyncio\windows_events.py", line 929, in _start
    self._proc = windows_utils.Popen(
                 ^^^^^^^^^^^^^^^^^^^^
  File "C:\Users\Aarav\AppData\Local\Programs\Python\Python311\Lib\asyncio\windows_utils.py", line 153, in __init__
    super().__init__(args, stdin=stdin_rfd, stdout=stdout_wfd,
  File "C:\Users\Aarav\AppData\Local\Programs\Python\Python311\Lib\subprocess.py", line 1026, in __init__
    self._execute_child(args, executable, preexec_fn, close_fds,
  File "C:\Users\Aarav\AppData\Local\Programs\Python\Python311\Lib\subprocess.py", line 1538, in _execute_child
    hp, ht, pid, tid = _winapi.CreateProcess(executable, args,
                       ^^^^^^^^^^^^^^^^^^^^^^^^^^^^^^^^^^^^^^^
FileNotFoundError: [WinError 2] The system cannot find the file specified
2026-03-20 18:17:34,757 [INFO] Bot stopped. GG.
2026-03-20 18:17:47,924 [INFO] HTTP Request: GET https://lichess.org/api/account "HTTP/1.1 200 OK"
2026-03-20 18:17:47,926 [INFO] Logged in as: Inappropriate_BOT
2026-03-20 18:17:47,927 [INFO] StopBlunderingInOpeningsYouIdiot is ONLINE
2026-03-20 18:17:47,927 [INFO] Listening for events...
2026-03-20 18:17:48,921 [INFO] HTTP Request: GET https://lichess.org/api/stream/event "HTTP/1.1 200 OK"
2026-03-20 18:17:48,921 [INFO] Game starting: MnDd2yRV
2026-03-20 18:17:50,901 [INFO] Engine started
2026-03-20 18:17:51,440 [INFO] HTTP Request: GET https://lichess.org/api/bot/game/stream/MnDd2yRV "HTTP/1.1 200 OK"
2026-03-20 18:17:51,488 [ERROR] Game MnDd2yRV error: 'GameHandler' object has no attribute '_handle_game_event'
Traceback (most recent call last):
  File "C:\Users\Aarav\OneDrive\Documents\Codes\pythonCodes\Chess\Lichess Bot\bot.py", line 109, in _run_game
    await GameHandler(game_id, self.token).run()
  File "C:\Users\Aarav\OneDrive\Documents\Codes\pythonCodes\Chess\Lichess Bot\game_handler.py", line 37, in run
    await self._handle_game_event(event)
          ^^^^^^^^^^^^^^^^^^^^^^^
AttributeError: 'GameHandler' object has no attribute '_handle_game_event'
2026-03-20 18:19:34,354 [INFO] Bot stopped. GG.
2026-03-20 18:19:38,280 [INFO] HTTP Request: GET https://lichess.org/api/account "HTTP/1.1 200 OK"
2026-03-20 18:19:38,282 [INFO] Logged in as: Inappropriate_BOT
2026-03-20 18:19:38,283 [INFO] StopBlunderingInOpeningsYouIdiot is ONLINE
2026-03-20 18:19:38,284 [INFO] Listening for events...
2026-03-20 18:19:39,186 [INFO] HTTP Request: GET https://lichess.org/api/stream/event "HTTP/1.1 200 OK"
2026-03-20 18:19:39,187 [INFO] Game starting: MnDd2yRV
2026-03-20 18:19:40,654 [INFO] Engine started
2026-03-20 18:19:41,143 [INFO] HTTP Request: GET https://lichess.org/api/bot/game/stream/MnDd2yRV "HTTP/1.1 200 OK"
2026-03-20 18:19:41,625 [INFO] HTTP Request: GET https://lichess.org/api/account "HTTP/1.1 200 OK"
2026-03-20 18:19:41,628 [INFO] Playing as White
2026-03-20 18:19:41,791 [INFO] HTTP Request: POST https://lichess.org/api/bot/game/MnDd2yRV/chat "HTTP/1.1 200 OK"
2026-03-20 18:19:41,799 [INFO] Out of book
2026-03-20 18:19:41,958 [INFO] HTTP Request: POST https://lichess.org/api/bot/game/MnDd2yRV/chat "HTTP/1.1 200 OK"
2026-03-20 18:19:41,995 [INFO] Stockfish depth 12: d2d4
2026-03-20 18:19:42,722 [INFO] HTTP Request: POST https://lichess.org/api/bot/game/MnDd2yRV/move/d2d4 "HTTP/1.1 200 OK"
2026-03-20 18:19:42,724 [INFO] Sent: d2d4
2026-03-20 18:19:45,230 [INFO] CPL: 18.0 | Avg: 18.0 | n=1
2026-03-20 18:19:45,251 [INFO] Stockfish depth 12: e1g1
2026-03-20 18:19:45,952 [INFO] HTTP Request: POST https://lichess.org/api/bot/game/MnDd2yRV/move/e1g1 "HTTP/1.1 200 OK"
2026-03-20 18:19:45,954 [INFO] Sent: e1g1
2026-03-20 18:19:50,247 [INFO] CPL: 0.0 | Avg: 9.0 | n=2
2026-03-20 18:19:50,254 [INFO] Stockfish depth 12: c3d1
2026-03-20 18:19:51,053 [INFO] HTTP Request: POST https://lichess.org/api/bot/game/MnDd2yRV/move/c3d1 "HTTP/1.1 200 OK"
2026-03-20 18:19:51,056 [INFO] Sent: c3d1
2026-03-20 18:19:54,849 [INFO] CPL: 0.0 | Avg: 6.0 | n=3
2026-03-20 18:19:58,933 [INFO] Stockfish depth 22: c2c3
2026-03-20 18:20:00,179 [INFO] HTTP Request: POST https://lichess.org/api/bot/game/MnDd2yRV/move/c2c3 "HTTP/1.1 200 OK"
2026-03-20 18:20:00,182 [INFO] Sent: c2c3
2026-03-20 18:20:02,200 [INFO] CPL: 23.0 | Avg: 10.2 | n=4
2026-03-20 18:20:05,584 [INFO] Stockfish depth 22: e2d3
2026-03-20 18:20:07,695 [INFO] HTTP Request: POST https://lichess.org/api/bot/game/MnDd2yRV/move/e2d3 "HTTP/1.1 200 OK"
2026-03-20 18:20:07,696 [INFO] Sent: e2d3
2026-03-20 18:20:09,658 [INFO] CPL: 18.0 | Avg: 11.8 | n=5
2026-03-20 18:20:33,928 [INFO] Stockfish depth 22: d3f5
2026-03-20 18:20:35,154 [INFO] HTTP Request: POST https://lichess.org/api/bot/game/MnDd2yRV/move/d3f5 "HTTP/1.1 200 OK"
2026-03-20 18:20:35,167 [INFO] Sent: d3f5
2026-03-20 18:20:37,388 [INFO] CPL: 208.0 | Avg: 44.5 | n=6
2026-03-20 18:20:37,452 [INFO] Stockfish depth 14: d4e5
2026-03-20 18:20:38,194 [INFO] HTTP Request: POST https://lichess.org/api/bot/game/MnDd2yRV/move/d4e5 "HTTP/1.1 200 OK"
2026-03-20 18:20:38,194 [INFO] Sent: d4e5
2026-03-20 18:20:40,259 [INFO] CPL: 6.0 | Avg: 39.0 | n=7
2026-03-20 18:20:41,104 [INFO] Stockfish depth 17: f5c2
2026-03-20 18:20:41,809 [INFO] HTTP Request: POST https://lichess.org/api/bot/game/MnDd2yRV/move/f5c2 "HTTP/1.1 200 OK"
2026-03-20 18:20:41,810 [INFO] Sent: f5c2
2026-03-20 18:20:44,663 [INFO] CPL: 8.0 | Avg: 35.1 | n=8
2026-03-20 18:20:45,168 [INFO] Stockfish depth 17: g2g3
2026-03-20 18:20:45,937 [INFO] HTTP Request: POST https://lichess.org/api/bot/game/MnDd2yRV/move/g2g3 "HTTP/1.1 200 OK"
2026-03-20 18:20:45,937 [INFO] Sent: g2g3
2026-03-20 18:20:50,200 [INFO] CPL: 50.0 | Avg: 36.8 | n=9
2026-03-20 18:20:50,693 [INFO] Stockfish depth 17: d1e3
2026-03-20 18:20:51,471 [INFO] HTTP Request: POST https://lichess.org/api/bot/game/MnDd2yRV/move/d1e3 "HTTP/1.1 200 OK"
2026-03-20 18:20:51,471 [INFO] Sent: d1e3
2026-03-20 18:20:55,855 [INFO] CPL: 25.0 | Avg: 35.6 | n=10
2026-03-20 18:20:57,116 [INFO] Stockfish depth 17: e3f5
2026-03-20 18:20:58,371 [INFO] HTTP Request: POST https://lichess.org/api/bot/game/MnDd2yRV/move/e3f5 "HTTP/1.1 200 OK"
2026-03-20 18:20:58,373 [INFO] Sent: e3f5
2026-03-20 18:21:00,142 [INFO] CPL: 0.0 | Avg: 32.4 | n=11
2026-03-20 18:21:00,500 [INFO] Stockfish depth 17: f3e2
2026-03-20 18:21:01,400 [INFO] HTTP Request: POST https://lichess.org/api/bot/game/MnDd2yRV/move/f3e2 "HTTP/1.1 200 OK"
2026-03-20 18:21:01,401 [INFO] Sent: f3e2
2026-03-20 18:21:03,890 [INFO] CPL: 8.0 | Avg: 30.3 | n=12
2026-03-20 18:21:04,127 [INFO] Stockfish depth 17: f5d4
2026-03-20 18:21:04,828 [INFO] HTTP Request: POST https://lichess.org/api/bot/game/MnDd2yRV/move/f5d4 "HTTP/1.1 200 OK"
2026-03-20 18:21:04,830 [INFO] Sent: f5d4
2026-03-20 18:21:08,806 [INFO] CPL: 0.0 | Avg: 28.0 | n=13
2026-03-20 18:21:09,152 [INFO] Stockfish depth 17: d4f3
2026-03-20 18:21:09,868 [INFO] HTTP Request: POST https://lichess.org/api/bot/game/MnDd2yRV/move/d4f3 "HTTP/1.1 200 OK"
2026-03-20 18:21:09,870 [INFO] Sent: d4f3
2026-03-20 18:21:11,931 [INFO] CPL: 0.0 | Avg: 26.0 | n=14
2026-03-20 18:21:12,159 [INFO] Stockfish depth 17: f3d4
2026-03-20 18:21:12,870 [INFO] HTTP Request: POST https://lichess.org/api/bot/game/MnDd2yRV/move/f3d4 "HTTP/1.1 200 OK"
2026-03-20 18:21:12,873 [INFO] Sent: f3d4
2026-03-20 18:21:14,723 [INFO] CPL: 38.0 | Avg: 26.8 | n=15
2026-03-20 18:21:15,089 [INFO] Stockfish depth 17: d4c2
2026-03-20 18:21:15,920 [INFO] HTTP Request: POST https://lichess.org/api/bot/game/MnDd2yRV/move/d4c2 "HTTP/1.1 200 OK"
2026-03-20 18:21:15,922 [INFO] Sent: d4c2
2026-03-20 18:21:19,649 [INFO] CPL: 15.0 | Avg: 26.1 | n=16
2026-03-20 18:21:20,017 [INFO] Stockfish depth 17: c2d4
2026-03-20 18:21:20,748 [INFO] HTTP Request: POST https://lichess.org/api/bot/game/MnDd2yRV/move/c2d4 "HTTP/1.1 200 OK"
2026-03-20 18:21:20,750 [INFO] Sent: c2d4
2026-03-20 18:21:22,719 [INFO] CPL: 37.0 | Avg: 26.7 | n=17
2026-03-20 18:21:23,362 [INFO] Stockfish depth 17: f1e1
2026-03-20 18:21:24,098 [INFO] HTTP Request: POST https://lichess.org/api/bot/game/MnDd2yRV/move/f1e1 "HTTP/1.1 200 OK"
2026-03-20 18:21:24,122 [INFO] Sent: f1e1
2026-03-20 18:21:27,210 [INFO] CPL: 3.0 | Avg: 25.4 | n=18
2026-03-20 18:21:28,141 [INFO] Stockfish depth 17: h2h4
2026-03-20 18:21:28,870 [INFO] HTTP Request: POST https://lichess.org/api/bot/game/MnDd2yRV/move/h2h4 "HTTP/1.1 200 OK"
2026-03-20 18:21:28,876 [INFO] Sent: h2h4
2026-03-20 18:21:31,648 [INFO] CPL: 18.0 | Avg: 25.0 | n=19
2026-03-20 18:21:34,607 [INFO] Stockfish depth 20: c1e3
2026-03-20 18:21:35,691 [INFO] HTTP Request: POST https://lichess.org/api/bot/game/MnDd2yRV/move/c1e3 "HTTP/1.1 200 OK"
2026-03-20 18:21:35,695 [INFO] Sent: c1e3
2026-03-20 18:21:39,010 [INFO] CPL: 21.0 | Avg: 24.8 | n=20
2026-03-20 18:21:42,083 [INFO] Stockfish depth 20: d4f3
2026-03-20 18:21:43,806 [INFO] HTTP Request: POST https://lichess.org/api/bot/game/MnDd2yRV/move/d4f3 "HTTP/1.1 200 OK"
2026-03-20 18:21:43,827 [INFO] Sent: d4f3
2026-03-20 18:21:46,857 [INFO] CPL: 0.0 | Avg: 23.6 | n=21
2026-03-20 18:21:47,967 [INFO] Stockfish depth 20: f3g5
2026-03-20 18:21:48,678 [INFO] HTTP Request: POST https://lichess.org/api/bot/game/MnDd2yRV/move/f3g5 "HTTP/1.1 200 OK"
2026-03-20 18:21:48,682 [INFO] Sent: f3g5
2026-03-20 18:21:50,649 [INFO] CPL: 62.0 | Avg: 25.4 | n=22
2026-03-20 18:21:50,902 [INFO] Stockfish depth 17: e3c5
2026-03-20 18:21:51,649 [INFO] HTTP Request: POST https://lichess.org/api/bot/game/MnDd2yRV/move/e3c5 "HTTP/1.1 200 OK"
2026-03-20 18:21:51,651 [INFO] Sent: e3c5
2026-03-20 18:21:55,028 [INFO] CPL: 0.0 | Avg: 24.3 | n=23
2026-03-20 18:21:57,128 [INFO] Challenge: World_Champppppppppp | standard | correspondence | rated=False
2026-03-20 18:21:58,643 [INFO] HTTP Request: POST https://lichess.org/api/challenge/vXfVk8Sz/decline "HTTP/1.1 200 OK"
2026-03-20 18:21:59,141 [INFO] Stockfish depth 20: g5e4
2026-03-20 18:22:00,232 [INFO] HTTP Request: POST https://lichess.org/api/bot/game/MnDd2yRV/move/g5e4 "HTTP/1.1 200 OK"
2026-03-20 18:22:00,234 [INFO] Sent: g5e4
2026-03-20 18:22:03,621 [INFO] CPL: 135.0 | Avg: 28.9 | n=24
2026-03-20 18:22:03,821 [INFO] Stockfish depth 17: e4f6
2026-03-20 18:22:04,602 [INFO] HTTP Request: POST https://lichess.org/api/bot/game/MnDd2yRV/move/e4f6 "HTTP/1.1 200 OK"
2026-03-20 18:22:04,604 [INFO] Sent: e4f6
2026-03-20 18:22:06,645 [INFO] CPL: 10.0 | Avg: 28.1 | n=25
2026-03-20 18:22:06,742 [INFO] Stockfish depth 17: e1e8
2026-03-20 18:22:07,932 [INFO] HTTP Request: POST https://lichess.org/api/bot/game/MnDd2yRV/move/e1e8 "HTTP/1.1 200 OK"
2026-03-20 18:22:07,934 [INFO] Sent: e1e8
2026-03-20 18:22:10,533 [INFO] CPL: 23.0 | Avg: 27.9 | n=26
2026-03-20 18:22:11,033 [INFO] Stockfish depth 17: e8e7
2026-03-20 18:22:11,734 [INFO] HTTP Request: POST https://lichess.org/api/bot/game/MnDd2yRV/move/e8e7 "HTTP/1.1 200 OK"
2026-03-20 18:22:11,736 [INFO] Sent: e8e7
2026-03-20 18:22:13,094 [INFO] CPL: 19.0 | Avg: 27.6 | n=27
2026-03-20 18:22:13,205 [INFO] Stockfish depth 17: e7b7
2026-03-20 18:22:13,935 [INFO] HTTP Request: POST https://lichess.org/api/bot/game/MnDd2yRV/move/e7b7 "HTTP/1.1 200 OK"
2026-03-20 18:22:13,936 [INFO] Sent: e7b7
2026-03-20 18:22:15,526 [INFO] CPL: 13.0 | Avg: 27.1 | n=28
2026-03-20 18:22:15,583 [INFO] Stockfish depth 17: a1d1
2026-03-20 18:22:16,292 [INFO] HTTP Request: POST https://lichess.org/api/bot/game/MnDd2yRV/move/a1d1 "HTTP/1.1 200 OK"
2026-03-20 18:22:16,296 [INFO] Sent: a1d1
2026-03-20 18:22:18,332 [INFO] CPL: 20.0 | Avg: 26.8 | n=29
2026-03-20 18:22:18,473 [INFO] Stockfish depth 17: d1d5
2026-03-20 18:22:19,202 [INFO] HTTP Request: POST https://lichess.org/api/bot/game/MnDd2yRV/move/d1d5 "HTTP/1.1 200 OK"
2026-03-20 18:22:19,204 [INFO] Sent: d1d5
2026-03-20 18:22:21,438 [INFO] CPL: 63.0 | Avg: 28.0 | n=30
2026-03-20 18:22:21,464 [INFO] Stockfish depth 17: b2a3
2026-03-20 18:22:22,153 [INFO] HTTP Request: POST https://lichess.org/api/bot/game/MnDd2yRV/move/b2a3 "HTTP/1.1 200 OK"
2026-03-20 18:22:22,155 [INFO] Sent: b2a3
2026-03-20 18:22:24,812 [INFO] CPL: 0.0 | Avg: 27.1 | n=31
2026-03-20 18:22:24,825 [INFO] Stockfish depth 17: d5d6
2026-03-20 18:22:25,563 [INFO] HTTP Request: POST https://lichess.org/api/bot/game/MnDd2yRV/move/d5d6 "HTTP/1.1 200 OK"
2026-03-20 18:22:25,565 [INFO] Sent: d5d6
2026-03-20 18:22:26,677 [INFO] CPL: 0.0 | Avg: 26.3 | n=32
2026-03-20 18:22:26,683 [INFO] Stockfish depth 17: b7f7
2026-03-20 18:22:27,373 [INFO] HTTP Request: POST https://lichess.org/api/bot/game/MnDd2yRV/move/b7f7 "HTTP/1.1 200 OK"
2026-03-20 18:22:27,375 [INFO] Sent: b7f7
2026-03-20 18:22:28,295 [INFO] Challenge: World_Champppppppppp | standard | blitz | rated=False
2026-03-20 18:22:29,621 [INFO] HTTP Request: POST https://lichess.org/api/challenge/EIYunXii/accept "HTTP/1.1 200 OK"
2026-03-20 18:22:29,624 [INFO] Accepted: World_Champppppppppp
2026-03-20 18:22:29,626 [INFO] Game starting: EIYunXii
2026-03-20 18:22:30,153 [INFO] CPL: 0.0 | Avg: 25.5 | n=33
2026-03-20 18:22:30,194 [INFO] Stockfish depth 17: f7a7
2026-03-20 18:22:30,902 [INFO] HTTP Request: POST https://lichess.org/api/bot/game/MnDd2yRV/move/f7a7 "HTTP/1.1 200 OK"
2026-03-20 18:22:30,906 [INFO] Sent: f7a7
2026-03-20 18:22:33,235 [ERROR] Game MnDd2yRV error: 
Traceback (most recent call last):
  File "C:\Users\Aarav\AppData\Local\Programs\Python\Python311\Lib\site-packages\httpx\_transports\default.py", line 101, in map_httpcore_exceptions
    yield
  File "C:\Users\Aarav\AppData\Local\Programs\Python\Python311\Lib\site-packages\httpx\_transports\default.py", line 271, in __aiter__
    async for part in self._httpcore_stream:
  File "C:\Users\Aarav\AppData\Local\Programs\Python\Python311\Lib\site-packages\httpcore\_async\connection_pool.py", line 407, in __aiter__
    raise exc from None
  File "C:\Users\Aarav\AppData\Local\Programs\Python\Python311\Lib\site-packages\httpcore\_async\connection_pool.py", line 403, in __aiter__
    async for part in self._stream:
  File "C:\Users\Aarav\AppData\Local\Programs\Python\Python311\Lib\site-packages\httpcore\_async\http11.py", line 342, in __aiter__
    raise exc
  File "C:\Users\Aarav\AppData\Local\Programs\Python\Python311\Lib\site-packages\httpcore\_async\http11.py", line 334, in __aiter__
    async for chunk in self._connection._receive_response_body(**kwargs):
  File "C:\Users\Aarav\AppData\Local\Programs\Python\Python311\Lib\site-packages\httpcore\_async\http11.py", line 203, in _receive_response_body
    event = await self._receive_event(timeout=timeout)
            ^^^^^^^^^^^^^^^^^^^^^^^^^^^^^^^^^^^^^^^^^^
  File "C:\Users\Aarav\AppData\Local\Programs\Python\Python311\Lib\site-packages\httpcore\_async\http11.py", line 217, in _receive_event
    data = await self._network_stream.read(
           ^^^^^^^^^^^^^^^^^^^^^^^^^^^^^^^^
  File "C:\Users\Aarav\AppData\Local\Programs\Python\Python311\Lib\site-packages\httpcore\_backends\anyio.py", line 32, in read
    with map_exceptions(exc_map):
  File "C:\Users\Aarav\AppData\Local\Programs\Python\Python311\Lib\contextlib.py", line 158, in __exit__
    self.gen.throw(typ, value, traceback)
  File "C:\Users\Aarav\AppData\Local\Programs\Python\Python311\Lib\site-packages\httpcore\_exceptions.py", line 14, in map_exceptions
    raise to_exc(exc) from exc
httpcore.ReadError

The above exception was the direct cause of the following exception:

Traceback (most recent call last):
  File "C:\Users\Aarav\OneDrive\Documents\Codes\pythonCodes\Chess\Lichess Bot\bot.py", line 109, in _run_game
    await GameHandler(game_id, self.token).run()
  File "C:\Users\Aarav\OneDrive\Documents\Codes\pythonCodes\Chess\Lichess Bot\game_handler.py", line 34, in run
    async for line in resp.aiter_lines():
  File "C:\Users\Aarav\AppData\Local\Programs\Python\Python311\Lib\site-packages\httpx\_models.py", line 1031, in aiter_lines
    async for text in self.aiter_text():
  File "C:\Users\Aarav\AppData\Local\Programs\Python\Python311\Lib\site-packages\httpx\_models.py", line 1018, in aiter_text
    async for byte_content in self.aiter_bytes():
  File "C:\Users\Aarav\AppData\Local\Programs\Python\Python311\Lib\site-packages\httpx\_models.py", line 997, in aiter_bytes
    async for raw_bytes in self.aiter_raw():
  File "C:\Users\Aarav\AppData\Local\Programs\Python\Python311\Lib\site-packages\httpx\_models.py", line 1055, in aiter_raw
    async for raw_stream_bytes in self.stream:
  File "C:\Users\Aarav\AppData\Local\Programs\Python\Python311\Lib\site-packages\httpx\_client.py", line 176, in __aiter__
    async for chunk in self._stream:
  File "C:\Users\Aarav\AppData\Local\Programs\Python\Python311\Lib\site-packages\httpx\_transports\default.py", line 270, in __aiter__
    with map_httpcore_exceptions():
  File "C:\Users\Aarav\AppData\Local\Programs\Python\Python311\Lib\contextlib.py", line 158, in __exit__
    self.gen.throw(typ, value, traceback)
  File "C:\Users\Aarav\AppData\Local\Programs\Python\Python311\Lib\site-packages\httpx\_transports\default.py", line 118, in map_httpcore_exceptions
    raise mapped_exc(message) from exc
httpx.ReadError
2026-03-20 18:22:33,263 [ERROR] Stream dropped:  - retry in 1s
2026-03-20 18:22:33,381 [INFO] Engine started
2026-03-20 18:22:33,861 [INFO] HTTP Request: GET https://lichess.org/api/bot/game/stream/EIYunXii "HTTP/1.1 200 OK"
2026-03-20 18:22:34,739 [INFO] HTTP Request: GET https://lichess.org/api/account "HTTP/1.1 200 OK"
2026-03-20 18:22:34,740 [INFO] Playing as Black
2026-03-20 18:22:34,900 [INFO] HTTP Request: POST https://lichess.org/api/bot/game/EIYunXii/chat "HTTP/1.1 200 OK"
2026-03-20 18:22:35,213 [INFO] HTTP Request: GET https://lichess.org/api/stream/event "HTTP/1.1 200 OK"
2026-03-20 18:22:38,941 [INFO] Book move: e7e6
2026-03-20 18:22:39,100 [INFO] HTTP Request: POST https://lichess.org/api/bot/game/EIYunXii/move/e7e6 "HTTP/1.1 200 OK"
2026-03-20 18:22:39,102 [INFO] Sent: e7e6
2026-03-20 18:22:49,637 [INFO] Book move: d7d5
2026-03-20 18:22:50,131 [INFO] HTTP Request: POST https://lichess.org/api/bot/game/EIYunXii/move/d7d5 "HTTP/1.1 200 OK"
2026-03-20 18:22:50,132 [INFO] Sent: d7d5
2026-03-20 18:23:08,664 [INFO] Book move: c7c5
2026-03-20 18:23:09,171 [INFO] HTTP Request: POST https://lichess.org/api/bot/game/EIYunXii/move/c7c5 "HTTP/1.1 200 OK"
2026-03-20 18:23:09,182 [INFO] Sent: c7c5
2026-03-20 18:23:14,065 [INFO] Out of book
2026-03-20 18:23:14,237 [INFO] HTTP Request: POST https://lichess.org/api/bot/game/EIYunXii/chat "HTTP/1.1 200 OK"
2026-03-20 18:23:14,408 [INFO] Stockfish depth 12: c5d4
2026-03-20 18:23:15,227 [INFO] HTTP Request: POST https://lichess.org/api/bot/game/EIYunXii/move/c5d4 "HTTP/1.1 200 OK"
2026-03-20 18:23:15,231 [INFO] Sent: c5d4
2026-03-20 18:23:18,537 [INFO] HTTP Request: POST https://lichess.org/api/bot/game/EIYunXii/draw/no "HTTP/1.1 200 OK"
2026-03-20 18:23:18,698 [INFO] HTTP Request: POST https://lichess.org/api/bot/game/EIYunXii/chat "HTTP/1.1 200 OK"
2026-03-20 18:23:29,860 [INFO] Game finished: EIYunXii | Active: 1
2026-03-21 14:06:58,300 [INFO] HTTP Request: GET https://lichess.org/api/account "HTTP/1.1 200 OK"
2026-03-21 14:06:58,302 [INFO] Logged in as: Inappropriate_BOT
2026-03-21 14:06:58,302 [INFO] StopBlunderingInOpeningsYouIdiot is ONLINE
2026-03-21 14:06:58,302 [INFO] Listening for events...
2026-03-21 14:06:59,123 [INFO] HTTP Request: GET https://lichess.org/api/stream/event "HTTP/1.1 200 OK"
2026-03-21 14:06:59,125 [INFO] Game starting: MnDd2yRV
2026-03-21 14:07:00,498 [INFO] Engine started
2026-03-21 14:07:00,993 [INFO] HTTP Request: GET https://lichess.org/api/bot/game/stream/MnDd2yRV "HTTP/1.1 200 OK"
2026-03-21 14:07:01,488 [INFO] HTTP Request: GET https://lichess.org/api/account "HTTP/1.1 200 OK"
2026-03-21 14:07:01,488 [INFO] Playing as White
2026-03-21 14:07:01,652 [INFO] HTTP Request: POST https://lichess.org/api/bot/game/MnDd2yRV/chat "HTTP/1.1 200 OK"
2026-03-21 14:07:01,667 [INFO] Out of book
2026-03-21 14:07:01,824 [INFO] HTTP Request: POST https://lichess.org/api/bot/game/MnDd2yRV/chat "HTTP/1.1 200 OK"
2026-03-21 14:07:01,840 [INFO] Stockfish depth 12: d6d8
2026-03-21 14:07:02,576 [INFO] HTTP Request: POST https://lichess.org/api/bot/game/MnDd2yRV/move/d6d8 "HTTP/1.1 200 OK"
2026-03-21 14:07:02,576 [INFO] Game finished: MnDd2yRV | Active: 0
2026-03-21 14:08:25,660 [INFO] Challenge: Study_Master156 | standard | correspondence | rated=False
2026-03-21 14:08:26,570 [INFO] HTTP Request: POST https://lichess.org/api/challenge/gjeDvIYw/decline "HTTP/1.1 200 OK"
2026-03-21 14:08:54,140 [INFO] Challenge: Study_Master156 | standard | blitz | rated=False
2026-03-21 14:08:55,125 [INFO] HTTP Request: POST https://lichess.org/api/challenge/4ARdNEap/accept "HTTP/1.1 200 OK"
2026-03-21 14:08:55,125 [INFO] Accepted: Study_Master156
2026-03-21 14:08:55,125 [INFO] Game starting: 4ARdNEap
2026-03-21 14:08:56,249 [INFO] Engine started
2026-03-21 14:08:56,728 [INFO] HTTP Request: GET https://lichess.org/api/bot/game/stream/4ARdNEap "HTTP/1.1 200 OK"
2026-03-21 14:08:57,233 [INFO] HTTP Request: GET https://lichess.org/api/account "HTTP/1.1 200 OK"
2026-03-21 14:08:57,235 [INFO] Playing as Black
2026-03-21 14:08:57,406 [INFO] HTTP Request: POST https://lichess.org/api/bot/game/4ARdNEap/chat "HTTP/1.1 200 OK"
2026-03-21 14:09:42,006 [INFO] Out of book
2026-03-21 14:09:42,482 [INFO] HTTP Request: POST https://lichess.org/api/bot/game/4ARdNEap/chat "HTTP/1.1 200 OK"
2026-03-21 14:09:42,625 [INFO] Stockfish depth 12: d7d5
2026-03-21 14:09:42,912 [INFO] HTTP Request: POST https://lichess.org/api/bot/game/4ARdNEap/move/d7d5 "HTTP/1.1 200 OK"
2026-03-21 14:09:42,912 [INFO] Sent: d7d5
2026-03-21 14:09:56,748 [INFO] Bot stopped. GG.
2026-03-21 17:34:56,163 [INFO] HTTP Request: GET https://lichess.org/api/account "HTTP/1.1 200 OK"
2026-03-21 17:34:56,163 [INFO] Logged in as: Inappropriate_BOT
2026-03-21 17:34:56,163 [INFO] StopBlunderingInOpeningsYouIdiot is ONLINE
2026-03-21 17:34:56,163 [INFO] Listening for events...
2026-03-21 17:34:57,019 [INFO] HTTP Request: GET https://lichess.org/api/stream/event "HTTP/1.1 200 OK"
2026-03-21 17:35:32,638 [INFO] Challenge: World_Champppppppppp | standard | blitz | rated=False
2026-03-21 17:35:34,110 [INFO] HTTP Request: POST https://lichess.org/api/challenge/lvDz4LWo/accept "HTTP/1.1 200 OK"
2026-03-21 17:35:34,118 [INFO] Accepted: World_Champppppppppp
2026-03-21 17:35:34,118 [INFO] Game starting: lvDz4LWo
2026-03-21 17:35:38,906 [INFO] Engine started
2026-03-21 17:35:39,590 [INFO] HTTP Request: GET https://lichess.org/api/bot/game/stream/lvDz4LWo "HTTP/1.1 200 OK"
2026-03-21 17:35:40,161 [INFO] HTTP Request: GET https://lichess.org/api/account "HTTP/1.1 200 OK"
2026-03-21 17:35:40,161 [INFO] Playing as Black
2026-03-21 17:35:40,349 [INFO] HTTP Request: POST https://lichess.org/api/bot/game/lvDz4LWo/chat "HTTP/1.1 200 OK"
2026-03-21 17:35:40,349 [INFO] Out of book
2026-03-21 17:35:40,568 [INFO] HTTP Request: POST https://lichess.org/api/bot/game/lvDz4LWo/chat "HTTP/1.1 200 OK"
2026-03-21 17:35:40,805 [INFO] Stockfish depth 12: e7e5
2026-03-21 17:35:41,066 [INFO] HTTP Request: POST https://lichess.org/api/bot/game/lvDz4LWo/move/e7e5 "HTTP/1.1 200 OK"
2026-03-21 17:35:41,066 [INFO] Sent: e7e5
2026-03-21 17:35:45,369 [INFO] CPL: 130.0 | Avg: 130.0 | n=1
2026-03-21 17:35:45,403 [INFO] Stockfish depth 12: e5f4
2026-03-21 17:35:45,897 [INFO] HTTP Request: POST https://lichess.org/api/bot/game/lvDz4LWo/move/e5f4 "HTTP/1.1 200 OK"
2026-03-21 17:35:45,900 [INFO] Sent: e5f4
2026-03-21 17:35:50,628 [INFO] CPL: 0.0 | Avg: 65.0 | n=2
2026-03-21 17:35:50,635 [INFO] Stockfish depth 12: g8f6
2026-03-21 17:35:51,419 [INFO] HTTP Request: POST https://lichess.org/api/bot/game/lvDz4LWo/move/g8f6 "HTTP/1.1 200 OK"
2026-03-21 17:35:51,419 [INFO] Sent: g8f6
2026-03-21 17:35:53,381 [INFO] HTTP Request: POST https://lichess.org/api/bot/game/lvDz4LWo/draw/no "HTTP/1.1 200 OK"
2026-03-21 17:35:53,553 [INFO] HTTP Request: POST https://lichess.org/api/bot/game/lvDz4LWo/chat "HTTP/1.1 200 OK"
2026-03-21 17:35:58,337 [INFO] CPL: 123.0 | Avg: 84.3 | n=3
2026-03-21 17:35:58,337 [INFO] Avg CPL=84.3 -> depth 11
2026-03-21 17:35:58,362 [INFO] Stockfish depth 11: d7d5
2026-03-21 17:35:59,051 [INFO] HTTP Request: POST https://lichess.org/api/bot/game/lvDz4LWo/move/d7d5 "HTTP/1.1 200 OK"
2026-03-21 17:35:59,051 [INFO] Sent: d7d5
2026-03-21 17:36:05,261 [INFO] CPL: 14.0 | Avg: 66.8 | n=4
2026-03-21 17:36:05,261 [INFO] Avg CPL=66.8 -> depth 11
2026-03-21 17:36:05,286 [INFO] Stockfish depth 11: f8e7
2026-03-21 17:36:05,867 [INFO] HTTP Request: POST https://lichess.org/api/bot/game/lvDz4LWo/move/f8e7 "HTTP/1.1 200 OK"
2026-03-21 17:36:05,867 [INFO] Sent: f8e7
2026-03-21 17:36:07,138 [INFO] Game finished: lvDz4LWo | Active: 0
2026-03-21 17:39:08,769 [INFO] HTTP Request: GET https://lichess.org/api/account "HTTP/1.1 200 OK"
2026-03-21 17:39:08,782 [INFO] Logged in as: Inappropriate_BOT
2026-03-21 17:39:08,784 [INFO] OpenningTrainer is ONLINE
2026-03-21 17:39:08,785 [INFO] Listening for events...
2026-03-21 17:39:09,648 [INFO] HTTP Request: GET https://lichess.org/api/stream/event "HTTP/1.1 200 OK"
2026-03-21 17:39:21,513 [INFO] Challenge: World_Champppppppppp | standard | blitz | rated=False
2026-03-21 17:39:22,944 [INFO] HTTP Request: POST https://lichess.org/api/challenge/ntAs5YBu/accept "HTTP/1.1 200 OK"
2026-03-21 17:39:22,944 [INFO] Accepted: World_Champppppppppp
2026-03-21 17:39:22,944 [INFO] Game starting: ntAs5YBu
2026-03-21 17:39:25,334 [INFO] Engine started
2026-03-21 17:39:25,883 [INFO] HTTP Request: GET https://lichess.org/api/bot/game/stream/ntAs5YBu "HTTP/1.1 200 OK"
2026-03-21 17:39:26,377 [INFO] HTTP Request: GET https://lichess.org/api/account "HTTP/1.1 200 OK"
2026-03-21 17:39:26,377 [INFO] Playing as Black
2026-03-21 17:39:26,548 [INFO] HTTP Request: POST https://lichess.org/api/bot/game/ntAs5YBu/chat "HTTP/1.1 200 OK"
2026-03-21 17:39:48,865 [INFO] Book move: c7c5
2026-03-21 17:39:49,490 [INFO] HTTP Request: POST https://lichess.org/api/bot/game/ntAs5YBu/move/c7c5 "HTTP/1.1 200 OK"
2026-03-21 17:39:49,490 [INFO] Sent: c7c5
2026-03-21 17:39:52,882 [INFO] Book move: e7e6
2026-03-21 17:39:53,070 [INFO] HTTP Request: POST https://lichess.org/api/bot/game/ntAs5YBu/move/e7e6 "HTTP/1.1 200 OK"
2026-03-21 17:39:53,078 [INFO] Sent: e7e6
2026-03-21 17:39:55,659 [INFO] HTTP Request: POST https://lichess.org/api/bot/game/ntAs5YBu/draw/yes "HTTP/1.1 200 OK"
2026-03-21 17:39:55,694 [INFO] Game finished: ntAs5YBu | Active: 0
2026-03-21 17:40:03,331 [INFO] Challenge: World_Champppppppppp | standard | blitz | rated=False
2026-03-21 17:40:04,758 [INFO] HTTP Request: POST https://lichess.org/api/challenge/5OyJmpg4/accept "HTTP/1.1 200 OK"
2026-03-21 17:40:04,758 [INFO] Accepted: World_Champppppppppp
2026-03-21 17:40:04,904 [INFO] Game starting: 5OyJmpg4
2026-03-21 17:40:07,008 [INFO] Engine started
2026-03-21 17:40:07,521 [INFO] HTTP Request: GET https://lichess.org/api/bot/game/stream/5OyJmpg4 "HTTP/1.1 200 OK"
2026-03-21 17:40:08,032 [INFO] HTTP Request: GET https://lichess.org/api/account "HTTP/1.1 200 OK"
2026-03-21 17:40:08,032 [INFO] Playing as White
2026-03-21 17:40:08,202 [INFO] HTTP Request: POST https://lichess.org/api/bot/game/5OyJmpg4/chat "HTTP/1.1 200 OK"
2026-03-21 17:40:08,203 [INFO] Book move: g1f3
2026-03-21 17:40:08,374 [INFO] HTTP Request: POST https://lichess.org/api/bot/game/5OyJmpg4/move/g1f3 "HTTP/1.1 200 OK"
2026-03-21 17:40:08,376 [INFO] Sent: g1f3
2026-03-21 17:40:08,563 [INFO] Out of book
2026-03-21 17:40:08,727 [INFO] HTTP Request: POST https://lichess.org/api/bot/game/5OyJmpg4/chat "HTTP/1.1 200 OK"
2026-03-21 17:40:08,898 [INFO] Stockfish depth 12: f3e5
2026-03-21 17:40:09,191 [INFO] HTTP Request: POST https://lichess.org/api/bot/game/5OyJmpg4/move/f3e5 "HTTP/1.1 200 OK"
2026-03-21 17:40:09,191 [INFO] Sent: f3e5
2026-03-21 17:40:11,441 [INFO] Game finished: 5OyJmpg4 | Active: 0
2026-03-21 19:24:56,005 [INFO] HTTP Request: GET https://lichess.org/api/account "HTTP/1.1 200 OK"
2026-03-21 19:24:56,013 [INFO] Logged in as: Inappropriate_BOT
2026-03-21 19:24:56,013 [INFO] OpeningTrainer is ONLINE
2026-03-21 19:24:56,013 [INFO] Listening for events...
2026-03-21 19:24:56,836 [INFO] HTTP Request: GET https://lichess.org/api/stream/event "HTTP/1.1 200 OK"
2026-03-21 19:25:16,161 [INFO] Challenge: World_Champppppppppp | standard | blitz | rated=False
2026-03-21 19:25:17,580 [INFO] HTTP Request: POST https://lichess.org/api/challenge/zfIOD9lI/accept "HTTP/1.1 200 OK"
2026-03-21 19:25:17,589 [INFO] Accepted: World_Champppppppppp
2026-03-21 19:25:17,589 [INFO] Game starting: zfIOD9lI
2026-03-21 19:25:23,578 [INFO] Engine started
2026-03-21 19:25:24,068 [INFO] HTTP Request: GET https://lichess.org/api/bot/game/stream/zfIOD9lI "HTTP/1.1 200 OK"
2026-03-21 19:25:24,575 [INFO] HTTP Request: GET https://lichess.org/api/account "HTTP/1.1 200 OK"
2026-03-21 19:25:24,578 [INFO] Playing as Black
2026-03-21 19:25:24,748 [INFO] HTTP Request: POST https://lichess.org/api/bot/game/zfIOD9lI/chat "HTTP/1.1 200 OK"
2026-03-21 19:25:24,850 [INFO] Book move: c7c5
2026-03-21 19:25:25,012 [INFO] HTTP Request: POST https://lichess.org/api/bot/game/zfIOD9lI/move/c7c5 "HTTP/1.1 200 OK"
2026-03-21 19:25:25,022 [INFO] Sent: c7c5
2026-03-21 19:25:27,848 [INFO] Book move: e7e6
2026-03-21 19:25:28,059 [INFO] HTTP Request: POST https://lichess.org/api/bot/game/zfIOD9lI/move/e7e6 "HTTP/1.1 200 OK"
2026-03-21 19:25:28,074 [INFO] Sent: e7e6
2026-03-21 19:25:30,782 [INFO] Out of book
2026-03-21 19:25:30,983 [INFO] HTTP Request: POST https://lichess.org/api/bot/game/zfIOD9lI/chat "HTTP/1.1 200 OK"
2026-03-21 19:25:31,038 [INFO] Stockfish depth 12: d7d5
2026-03-21 19:25:31,778 [INFO] HTTP Request: POST https://lichess.org/api/bot/game/zfIOD9lI/move/d7d5 "HTTP/1.1 200 OK"
2026-03-21 19:25:31,785 [INFO] Sent: d7d5
2026-03-21 19:25:35,486 [INFO] CPL: 0.0 | Avg: 0.0 | n=1
2026-03-21 19:25:35,528 [INFO] Stockfish depth 12: b8c6
2026-03-21 19:25:36,292 [INFO] HTTP Request: POST https://lichess.org/api/bot/game/zfIOD9lI/move/b8c6 "HTTP/1.1 200 OK"
2026-03-21 19:25:36,299 [INFO] Sent: b8c6
2026-03-21 19:25:39,438 [INFO] HTTP Request: POST https://lichess.org/api/bot/game/zfIOD9lI/draw/yes "HTTP/1.1 200 OK"
2026-03-21 19:25:39,464 [INFO] Game finished: zfIOD9lI | Active: 0
2026-03-21 19:25:43,698 [INFO] Challenge: World_Champppppppppp | standard | blitz | rated=False
2026-03-21 19:25:45,232 [INFO] HTTP Request: POST https://lichess.org/api/challenge/MFgMxViq/accept "HTTP/1.1 200 OK"
2026-03-21 19:25:45,235 [INFO] Accepted: World_Champppppppppp
2026-03-21 19:25:45,358 [INFO] Game starting: MFgMxViq
2026-03-21 19:25:48,141 [INFO] Engine started
2026-03-21 19:25:48,644 [INFO] HTTP Request: GET https://lichess.org/api/bot/game/stream/MFgMxViq "HTTP/1.1 200 OK"
2026-03-21 19:25:49,158 [INFO] HTTP Request: GET https://lichess.org/api/account "HTTP/1.1 200 OK"
2026-03-21 19:25:49,160 [INFO] Playing as White
2026-03-21 19:25:49,328 [INFO] HTTP Request: POST https://lichess.org/api/bot/game/MFgMxViq/chat "HTTP/1.1 200 OK"
2026-03-21 19:25:49,334 [INFO] Book move: c2c4
2026-03-21 19:25:49,509 [INFO] HTTP Request: POST https://lichess.org/api/bot/game/MFgMxViq/move/c2c4 "HTTP/1.1 200 OK"
2026-03-21 19:25:49,513 [INFO] Sent: c2c4
2026-03-21 19:25:50,139 [INFO] Out of book
2026-03-21 19:25:50,308 [INFO] HTTP Request: POST https://lichess.org/api/bot/game/MFgMxViq/chat "HTTP/1.1 200 OK"
2026-03-21 19:25:50,378 [INFO] Stockfish depth 12: c4d5
2026-03-21 19:25:50,599 [INFO] HTTP Request: POST https://lichess.org/api/bot/game/MFgMxViq/move/c4d5 "HTTP/1.1 200 OK"
2026-03-21 19:25:50,600 [INFO] Sent: c4d5
2026-03-21 19:25:54,940 [INFO] CPL: 12.0 | Avg: 12.0 | n=1
2026-03-21 19:25:55,148 [INFO] Stockfish depth 12: b1c3
2026-03-21 19:25:55,632 [INFO] HTTP Request: POST https://lichess.org/api/bot/game/MFgMxViq/move/b1c3 "HTTP/1.1 200 OK"
2026-03-21 19:25:55,636 [INFO] Sent: b1c3
2026-03-21 19:25:58,654 [INFO] CPL: 9.0 | Avg: 10.5 | n=2
2026-03-21 19:25:58,768 [INFO] Stockfish depth 12: g1f3
2026-03-21 19:25:59,298 [INFO] HTTP Request: POST https://lichess.org/api/bot/game/MFgMxViq/move/g1f3 "HTTP/1.1 200 OK"
2026-03-21 19:25:59,298 [INFO] Sent: g1f3
2026-03-21 19:27:32,006 [INFO] CPL: 68.0 | Avg: 29.7 | n=3
2026-03-21 19:27:32,015 [INFO] Avg CPL=29.7 -> depth 17
2026-03-21 19:27:32,527 [INFO] Stockfish depth 17: d2d4
2026-03-21 19:27:33,103 [INFO] HTTP Request: POST https://lichess.org/api/bot/game/MFgMxViq/move/d2d4 "HTTP/1.1 200 OK"
2026-03-21 19:27:33,108 [INFO] Sent: d2d4
2026-03-21 19:27:34,459 [INFO] CPL: 137.0 | Avg: 56.5 | n=4
2026-03-21 19:27:34,459 [INFO] Avg CPL=56.5 -> depth 14
2026-03-21 19:27:34,724 [INFO] Stockfish depth 14: d4d5
2026-03-21 19:27:36,649 [INFO] HTTP Request: POST https://lichess.org/api/bot/game/MFgMxViq/move/d4d5 "HTTP/1.1 200 OK"
2026-03-21 19:27:36,652 [INFO] Sent: d4d5
2026-03-21 19:27:40,481 [INFO] CPL: 132.0 | Avg: 71.6 | n=5
2026-03-21 19:27:40,481 [INFO] Avg CPL=71.6 -> depth 11
2026-03-21 19:27:40,504 [INFO] Stockfish depth 11: d5c6
2026-03-21 19:27:40,758 [INFO] HTTP Request: POST https://lichess.org/api/bot/game/MFgMxViq/move/d5c6 "HTTP/1.1 200 OK"
2026-03-21 19:27:40,758 [INFO] Sent: d5c6
2026-03-21 19:29:28,674 [INFO] Game finished: MFgMxViq | Active: 0
2026-03-21 19:29:29,422 [INFO] Challenge: World_Champppppppppp | standard | blitz | rated=False
2026-03-21 19:29:30,305 [INFO] HTTP Request: POST https://lichess.org/api/challenge/bKTKLfic/accept "HTTP/1.1 200 OK"
2026-03-21 19:29:30,305 [INFO] Accepted: World_Champppppppppp
2026-03-21 19:29:30,431 [INFO] Game starting: bKTKLfic
2026-03-21 19:29:32,972 [INFO] Engine started
2026-03-21 19:29:33,493 [INFO] HTTP Request: GET https://lichess.org/api/bot/game/stream/bKTKLfic "HTTP/1.1 200 OK"
2026-03-21 19:29:34,027 [INFO] HTTP Request: GET https://lichess.org/api/account "HTTP/1.1 200 OK"
2026-03-21 19:29:34,027 [INFO] Playing as Black
2026-03-21 19:29:34,189 [INFO] HTTP Request: POST https://lichess.org/api/bot/game/bKTKLfic/chat "HTTP/1.1 200 OK"
2026-03-21 19:29:34,205 [INFO] Book move: c7c5
2026-03-21 19:29:34,216 [INFO] Game finished: bKTKLfic | Active: 0
2026-03-21 19:29:35,640 [INFO] Challenge: World_Champppppppppp | standard | blitz | rated=False
2026-03-21 19:29:36,570 [INFO] HTTP Request: POST https://lichess.org/api/challenge/U6Xr9rhz/accept "HTTP/1.1 200 OK"
2026-03-21 19:29:36,570 [INFO] Accepted: World_Champppppppppp
2026-03-21 19:29:36,680 [INFO] Game starting: U6Xr9rhz
2026-03-21 19:29:38,742 [INFO] Engine started
2026-03-21 19:29:39,271 [INFO] HTTP Request: GET https://lichess.org/api/bot/game/stream/U6Xr9rhz "HTTP/1.1 200 OK"
2026-03-21 19:29:39,760 [INFO] HTTP Request: GET https://lichess.org/api/account "HTTP/1.1 200 OK"
2026-03-21 19:29:39,769 [INFO] Playing as White
2026-03-21 19:29:39,933 [INFO] HTTP Request: POST https://lichess.org/api/bot/game/U6Xr9rhz/chat "HTTP/1.1 200 OK"
2026-03-21 19:29:39,933 [INFO] Book move: d2d4
2026-03-21 19:29:40,096 [INFO] HTTP Request: POST https://lichess.org/api/bot/game/U6Xr9rhz/move/d2d4 "HTTP/1.1 200 OK"
2026-03-21 19:29:40,100 [INFO] Sent: d2d4
2026-03-21 19:29:40,716 [INFO] Book move: c2c4
2026-03-21 19:29:40,887 [INFO] HTTP Request: POST https://lichess.org/api/bot/game/U6Xr9rhz/move/c2c4 "HTTP/1.1 200 OK"
2026-03-21 19:29:40,895 [INFO] Sent: c2c4
2026-03-21 19:29:44,257 [INFO] Book move: e2e4
2026-03-21 19:29:44,424 [INFO] HTTP Request: POST https://lichess.org/api/bot/game/U6Xr9rhz/move/e2e4 "HTTP/1.1 200 OK"
2026-03-21 19:29:44,432 [INFO] Sent: e2e4
2026-03-21 19:29:46,622 [INFO] Book move: g1f3
2026-03-21 19:29:46,795 [INFO] HTTP Request: POST https://lichess.org/api/bot/game/U6Xr9rhz/move/g1f3 "HTTP/1.1 200 OK"
2026-03-21 19:29:46,796 [INFO] Sent: g1f3
2026-03-21 19:29:49,387 [INFO] Book move: d4d5
2026-03-21 19:29:49,552 [INFO] HTTP Request: POST https://lichess.org/api/bot/game/U6Xr9rhz/move/d4d5 "HTTP/1.1 200 OK"
2026-03-21 19:29:49,558 [INFO] Sent: d4d5
2026-03-21 19:29:51,787 [INFO] Book move: c1f4
2026-03-21 19:29:51,961 [INFO] HTTP Request: POST https://lichess.org/api/bot/game/U6Xr9rhz/move/c1f4 "HTTP/1.1 200 OK"
2026-03-21 19:29:51,962 [INFO] Sent: c1f4
2026-03-21 19:29:53,484 [INFO] Out of book
2026-03-21 19:29:53,650 [INFO] HTTP Request: POST https://lichess.org/api/bot/game/U6Xr9rhz/chat "HTTP/1.1 200 OK"
2026-03-21 19:29:53,705 [INFO] Stockfish depth 12: g2f3
2026-03-21 19:29:54,110 [INFO] HTTP Request: POST https://lichess.org/api/bot/game/U6Xr9rhz/move/g2f3 "HTTP/1.1 200 OK"
2026-03-21 19:29:54,111 [INFO] Sent: g2f3
2026-03-21 19:29:56,768 [INFO] CPL: 37.0 | Avg: 37.0 | n=1
2026-03-21 19:29:56,784 [INFO] Stockfish depth 12: f1c4
2026-03-21 19:29:57,199 [INFO] HTTP Request: POST https://lichess.org/api/bot/game/U6Xr9rhz/move/f1c4 "HTTP/1.1 200 OK"
2026-03-21 19:29:57,201 [INFO] Sent: f1c4
2026-03-21 19:29:59,012 [INFO] CPL: 391.0 | Avg: 214.0 | n=2
2026-03-21 19:29:59,304 [INFO] Stockfish depth 12: d1a4
2026-03-21 19:29:59,843 [INFO] HTTP Request: POST https://lichess.org/api/bot/game/U6Xr9rhz/move/d1a4 "HTTP/1.1 200 OK"
2026-03-21 19:29:59,851 [INFO] Sent: d1a4
2026-03-21 19:30:03,535 [INFO] CPL: 46.0 | Avg: 158.0 | n=3
2026-03-21 19:30:03,535 [INFO] Avg CPL=158.0 -> depth 5
2026-03-21 19:30:03,542 [INFO] Stockfish depth 5: c4b5
2026-03-21 19:30:03,809 [INFO] HTTP Request: POST https://lichess.org/api/bot/game/U6Xr9rhz/move/c4b5 "HTTP/1.1 200 OK"
2026-03-21 19:30:03,809 [INFO] Sent: c4b5
2026-03-21 19:30:05,957 [INFO] CPL: 63.0 | Avg: 134.2 | n=4
2026-03-21 19:30:05,957 [INFO] Avg CPL=134.2 -> depth 5
2026-03-21 19:30:05,965 [INFO] Stockfish depth 5: d5c6
2026-03-21 19:30:07,150 [INFO] HTTP Request: POST https://lichess.org/api/bot/game/U6Xr9rhz/move/d5c6 "HTTP/1.1 200 OK"
2026-03-21 19:30:07,150 [INFO] Sent: d5c6
2026-03-21 19:30:09,877 [INFO] CPL: 9269.0 | Avg: 1961.2 | n=5
2026-03-21 19:30:09,881 [INFO] Stockfish depth 5: c6b7
2026-03-21 19:30:10,049 [INFO] HTTP Request: POST https://lichess.org/api/bot/game/U6Xr9rhz/move/c6b7 "HTTP/1.1 200 OK"
2026-03-21 19:30:10,058 [INFO] Sent: c6b7
2026-03-21 19:30:13,231 [INFO] Game finished: U6Xr9rhz | Active: 0
2026-03-21 19:30:35,545 [INFO] HTTP Request: GET https://lichess.org/api/account "HTTP/1.1 200 OK"
2026-03-21 19:30:35,545 [INFO] Logged in as: Inappropriate_BOT
2026-03-21 19:30:35,545 [INFO] OpeningTrainer is ONLINE
2026-03-21 19:30:35,545 [INFO] Listening for events...
2026-03-21 19:30:36,416 [INFO] HTTP Request: GET https://lichess.org/api/stream/event "HTTP/1.1 200 OK"
2026-03-21 19:31:11,864 [INFO] Challenge: World_Champppppppppp | standard | correspondence | rated=True
2026-03-21 19:31:13,212 [INFO] HTTP Request: POST https://lichess.org/api/challenge/hIjQhXHn/accept "HTTP/1.1 200 OK"
2026-03-21 19:31:13,212 [INFO] Accepted: World_Champppppppppp
2026-03-21 19:31:13,219 [INFO] Game starting: hIjQhXHn
2026-03-21 19:31:16,850 [INFO] Engine started
2026-03-21 19:31:17,359 [INFO] HTTP Request: GET https://lichess.org/api/bot/game/stream/hIjQhXHn "HTTP/1.1 200 OK"
2026-03-21 19:31:17,907 [INFO] HTTP Request: GET https://lichess.org/api/account "HTTP/1.1 200 OK"
2026-03-21 19:31:17,907 [INFO] Playing as Black
2026-03-21 19:31:18,112 [INFO] HTTP Request: POST https://lichess.org/api/bot/game/hIjQhXHn/chat "HTTP/1.1 200 OK"
2026-03-21 19:31:18,115 [INFO] Book move: c7c5
2026-03-21 19:31:18,299 [INFO] HTTP Request: POST https://lichess.org/api/bot/game/hIjQhXHn/move/c7c5 "HTTP/1.1 200 OK"
2026-03-21 19:31:18,299 [INFO] Sent: c7c5
2026-03-21 19:31:21,982 [INFO] Out of book
2026-03-21 19:31:22,161 [INFO] HTTP Request: POST https://lichess.org/api/bot/game/hIjQhXHn/chat "HTTP/1.1 200 OK"
2026-03-21 19:31:22,228 [INFO] Stockfish depth 12: c5d4
2026-03-21 19:31:22,531 [INFO] HTTP Request: POST https://lichess.org/api/bot/game/hIjQhXHn/move/c5d4 "HTTP/1.1 200 OK"
2026-03-21 19:31:22,531 [INFO] Sent: c5d4
2026-03-21 19:31:29,344 [INFO] CPL: 56.0 | Avg: 56.0 | n=1
2026-03-21 19:31:29,475 [INFO] Stockfish depth 12: d4c3
2026-03-21 19:31:30,445 [INFO] HTTP Request: POST https://lichess.org/api/bot/game/hIjQhXHn/move/d4c3 "HTTP/1.1 200 OK"
2026-03-21 19:31:30,449 [INFO] Sent: d4c3
2026-03-21 19:31:39,392 [INFO] CPL: 0.0 | Avg: 28.0 | n=2
2026-03-21 19:31:39,406 [INFO] Stockfish depth 12: b8c6
2026-03-21 19:31:40,041 [INFO] HTTP Request: POST https://lichess.org/api/bot/game/hIjQhXHn/move/b8c6 "HTTP/1.1 200 OK"
2026-03-21 19:31:40,041 [INFO] Sent: b8c6
2026-03-21 19:35:13,484 [INFO] CPL: 32.0 | Avg: 29.3 | n=3
2026-03-21 19:35:13,484 [INFO] Avg CPL=29.3 -> depth 17
2026-03-21 19:35:14,664 [INFO] Stockfish depth 17: g8f6
2026-03-21 19:35:15,352 [INFO] HTTP Request: POST https://lichess.org/api/bot/game/hIjQhXHn/move/g8f6 "HTTP/1.1 200 OK"
2026-03-21 19:35:15,354 [INFO] Sent: g8f6
2026-03-21 19:35:54,614 [INFO] CPL: 21.0 | Avg: 27.2 | n=4
2026-03-21 19:35:54,614 [INFO] Avg CPL=27.2 -> depth 17
2026-03-21 19:35:55,287 [INFO] Stockfish depth 17: e7e6
2026-03-21 19:35:56,084 [INFO] HTTP Request: POST https://lichess.org/api/bot/game/hIjQhXHn/move/e7e6 "HTTP/1.1 200 OK"
2026-03-21 19:35:56,084 [INFO] Sent: e7e6
2026-03-21 19:42:25,796 [INFO] Bot stopped. GG.
2026-03-21 19:42:32,614 [INFO] HTTP Request: GET https://lichess.org/api/account "HTTP/1.1 200 OK"
2026-03-21 19:42:32,614 [INFO] Logged in as: Inappropriate_BOT
2026-03-21 19:42:32,614 [INFO] OpeningTrainer is ONLINE
2026-03-21 19:42:32,630 [INFO] Listening for events...
2026-03-21 19:42:33,483 [INFO] HTTP Request: GET https://lichess.org/api/stream/event "HTTP/1.1 200 OK"
2026-03-21 19:42:33,484 [INFO] Game starting: hIjQhXHn
2026-03-21 19:42:35,142 [INFO] Engine started
2026-03-21 19:42:35,659 [INFO] HTTP Request: GET https://lichess.org/api/bot/game/stream/hIjQhXHn "HTTP/1.1 200 OK"
2026-03-21 19:42:36,155 [INFO] HTTP Request: GET https://lichess.org/api/account "HTTP/1.1 200 OK"
2026-03-21 19:42:36,155 [INFO] Playing as Black
2026-03-21 19:42:36,326 [INFO] HTTP Request: POST https://lichess.org/api/bot/game/hIjQhXHn/chat "HTTP/1.1 200 OK"
2026-03-21 19:42:39,579 [INFO] Challenge: World_Champppppppppp | standard | correspondence | rated=False
2026-03-21 19:42:41,384 [INFO] HTTP Request: POST https://lichess.org/api/challenge/DvU2wizz/accept "HTTP/1.1 200 OK"
2026-03-21 19:42:41,384 [INFO] Accepted: World_Champppppppppp
2026-03-21 19:42:41,391 [INFO] Game starting: DvU2wizz
2026-03-21 19:42:46,214 [INFO] Engine started
2026-03-21 19:42:46,760 [INFO] HTTP Request: GET https://lichess.org/api/bot/game/stream/DvU2wizz "HTTP/1.1 200 OK"
2026-03-21 19:42:47,265 [INFO] HTTP Request: GET https://lichess.org/api/account "HTTP/1.1 200 OK"
2026-03-21 19:42:47,265 [INFO] Playing as Black
2026-03-21 19:42:47,445 [INFO] HTTP Request: POST https://lichess.org/api/bot/game/DvU2wizz/chat "HTTP/1.1 200 OK"
2026-03-21 19:42:47,502 [INFO] Book move: e7e6
2026-03-21 19:42:47,669 [INFO] HTTP Request: POST https://lichess.org/api/bot/game/DvU2wizz/move/e7e6 "HTTP/1.1 200 OK"
2026-03-21 19:42:47,671 [INFO] Sent: e7e6
2026-03-21 19:42:49,883 [INFO] Book move: d7d5
2026-03-21 19:42:50,055 [INFO] HTTP Request: POST https://lichess.org/api/bot/game/DvU2wizz/move/d7d5 "HTTP/1.1 200 OK"
2026-03-21 19:42:50,064 [INFO] Sent: d7d5
2026-03-21 19:42:52,369 [INFO] Book move: c7c5
2026-03-21 19:42:52,541 [INFO] HTTP Request: POST https://lichess.org/api/bot/game/DvU2wizz/move/c7c5 "HTTP/1.1 200 OK"
2026-03-21 19:42:52,541 [INFO] Sent: c7c5
2026-03-22 14:08:43,642 [INFO] HTTP Request: GET https://lichess.org/api/account "HTTP/1.1 200 OK"
2026-03-22 14:08:43,642 [INFO] Logged in as: Inappropriate_BOT
2026-03-22 14:08:43,642 [INFO] OpeningTrainer is ONLINE
2026-03-22 14:08:43,642 [INFO] Listening for events...
2026-03-22 14:08:45,009 [INFO] HTTP Request: GET https://lichess.org/api/stream/event "HTTP/1.1 200 OK"
2026-03-22 14:08:45,009 [INFO] Game starting: hIjQhXHn
2026-03-22 14:08:45,009 [INFO] Game starting: DvU2wizz
2026-03-22 14:08:50,184 [INFO] Engine started
2026-03-22 14:08:50,219 [INFO] Engine started
2026-03-22 14:08:50,986 [INFO] HTTP Request: GET https://lichess.org/api/bot/game/stream/hIjQhXHn "HTTP/1.1 200 OK"
2026-03-22 14:08:50,991 [INFO] HTTP Request: GET https://lichess.org/api/bot/game/stream/DvU2wizz "HTTP/1.1 200 OK"
2026-03-22 14:08:51,747 [INFO] HTTP Request: GET https://lichess.org/api/account "HTTP/1.1 200 OK"
2026-03-22 14:08:51,751 [INFO] Playing as Black
2026-03-22 14:08:51,751 [INFO] HTTP Request: GET https://lichess.org/api/account "HTTP/1.1 200 OK"
2026-03-22 14:08:51,793 [INFO] Playing as Black
2026-03-22 14:08:51,952 [INFO] HTTP Request: POST https://lichess.org/api/bot/game/DvU2wizz/chat "HTTP/1.1 200 OK"
2026-03-22 14:08:52,011 [INFO] Out of book
2026-03-22 14:08:52,024 [INFO] HTTP Request: POST https://lichess.org/api/bot/game/hIjQhXHn/chat "HTTP/1.1 200 OK"
2026-03-22 14:08:52,033 [INFO] Out of book
2026-03-22 14:08:52,208 [INFO] HTTP Request: POST https://lichess.org/api/bot/game/hIjQhXHn/chat "HTTP/1.1 200 OK"
2026-03-22 14:08:52,209 [INFO] HTTP Request: POST https://lichess.org/api/bot/game/DvU2wizz/chat "HTTP/1.1 200 OK"
2026-03-22 14:08:52,243 [INFO] Stockfish depth 12: f8d6
2026-03-22 14:08:52,379 [INFO] Stockfish depth 12: b8c6
2026-03-22 14:08:52,710 [INFO] HTTP Request: POST https://lichess.org/api/bot/game/hIjQhXHn/move/f8d6 "HTTP/1.1 200 OK"
2026-03-22 14:08:52,710 [INFO] Sent: f8d6
2026-03-22 14:08:52,904 [INFO] HTTP Request: POST https://lichess.org/api/bot/game/DvU2wizz/move/b8c6 "HTTP/1.1 200 OK"
2026-03-22 14:08:52,905 [INFO] Sent: b8c6
2026-03-22 14:09:15,912 [INFO] Challenge: World_Champppppppppp | standard | correspondence | rated=False
2026-03-22 14:09:17,274 [INFO] HTTP Request: POST https://lichess.org/api/challenge/jkxTgzEf/accept "HTTP/1.1 200 OK"
2026-03-22 14:09:17,275 [INFO] Accepted: World_Champppppppppp
2026-03-22 14:09:17,276 [INFO] Game starting: jkxTgzEf
2026-03-22 14:09:19,527 [INFO] Engine started
2026-03-22 14:09:20,316 [INFO] HTTP Request: GET https://lichess.org/api/bot/game/stream/jkxTgzEf "HTTP/1.1 200 OK"
2026-03-22 14:09:21,089 [INFO] HTTP Request: GET https://lichess.org/api/account "HTTP/1.1 200 OK"
2026-03-22 14:09:21,099 [INFO] Playing as Black
2026-03-22 14:09:21,268 [INFO] HTTP Request: POST https://lichess.org/api/bot/game/jkxTgzEf/chat "HTTP/1.1 200 OK"
2026-03-22 14:09:38,598 [INFO] Game finished: hIjQhXHn | Active: 2
2026-03-22 14:09:39,837 [INFO] Challenge: World_Champppppppppp | standard | correspondence | rated=True
2026-03-22 14:09:41,005 [INFO] HTTP Request: POST https://lichess.org/api/challenge/ymJLw3AT/accept "HTTP/1.1 200 OK"
2026-03-22 14:09:41,006 [INFO] Accepted: World_Champppppppppp
2026-03-22 14:09:41,124 [INFO] Game starting: ymJLw3AT
2026-03-22 14:09:43,583 [INFO] Engine started
2026-03-22 14:09:44,379 [INFO] HTTP Request: GET https://lichess.org/api/bot/game/stream/ymJLw3AT "HTTP/1.1 200 OK"
2026-03-22 14:09:45,147 [INFO] HTTP Request: GET https://lichess.org/api/account "HTTP/1.1 200 OK"
2026-03-22 14:09:45,147 [INFO] Playing as White
2026-03-22 14:09:45,316 [INFO] HTTP Request: POST https://lichess.org/api/bot/game/ymJLw3AT/chat "HTTP/1.1 200 OK"
2026-03-22 14:09:45,319 [INFO] Book move: g1f3
2026-03-22 14:09:45,488 [INFO] HTTP Request: POST https://lichess.org/api/bot/game/ymJLw3AT/move/g1f3 "HTTP/1.1 200 OK"
2026-03-22 14:09:45,489 [INFO] Sent: g1f3
2026-03-22 14:09:48,759 [INFO] Book move: g2g3
2026-03-22 14:09:48,929 [INFO] HTTP Request: POST https://lichess.org/api/bot/game/ymJLw3AT/move/g2g3 "HTTP/1.1 200 OK"
2026-03-22 14:09:48,930 [INFO] Sent: g2g3
2026-03-22 14:09:52,022 [INFO] Book move: f1g2
2026-03-22 14:09:52,198 [INFO] HTTP Request: POST https://lichess.org/api/bot/game/ymJLw3AT/move/f1g2 "HTTP/1.1 200 OK"
2026-03-22 14:09:52,199 [INFO] Sent: f1g2
2026-03-22 14:09:54,724 [INFO] Book move: c2c4
2026-03-22 14:09:54,896 [INFO] HTTP Request: POST https://lichess.org/api/bot/game/ymJLw3AT/move/c2c4 "HTTP/1.1 200 OK"
2026-03-22 14:09:54,897 [INFO] Sent: c2c4
2026-03-22 14:09:56,942 [INFO] Out of book
2026-03-22 14:09:57,112 [INFO] HTTP Request: POST https://lichess.org/api/bot/game/ymJLw3AT/chat "HTTP/1.1 200 OK"
2026-03-22 14:09:57,296 [INFO] Stockfish depth 12: b1a3
2026-03-22 14:09:57,752 [INFO] HTTP Request: POST https://lichess.org/api/bot/game/ymJLw3AT/move/b1a3 "HTTP/1.1 200 OK"
2026-03-22 14:09:57,753 [INFO] Sent: b1a3
2026-03-22 14:10:08,581 [INFO] CPL: 153.0 | Avg: 153.0 | n=1
2026-03-22 14:10:08,604 [INFO] Stockfish depth 12: f3h4
2026-03-22 14:10:09,700 [INFO] HTTP Request: POST https://lichess.org/api/bot/game/ymJLw3AT/move/f3h4 "HTTP/1.1 200 OK"
2026-03-22 14:10:09,700 [INFO] Sent: f3h4
2026-03-22 14:10:24,463 [INFO] CPL: 105.0 | Avg: 129.0 | n=2
2026-03-22 14:10:24,494 [INFO] Stockfish depth 12: g2b7
2026-03-22 14:10:25,293 [INFO] HTTP Request: POST https://lichess.org/api/bot/game/ymJLw3AT/move/g2b7 "HTTP/1.1 200 OK"
2026-03-22 14:10:25,294 [INFO] Sent: g2b7
2026-03-22 14:10:29,019 [INFO] HTTP Request: POST https://lichess.org/api/bot/game/ymJLw3AT/takeback/yes "HTTP/1.1 200 OK"
2026-03-22 14:10:29,188 [INFO] HTTP Request: POST https://lichess.org/api/bot/game/ymJLw3AT/chat "HTTP/1.1 200 OK"
2026-03-22 14:10:35,386 [INFO] CPL: 47.0 | Avg: 101.7 | n=3
2026-03-22 14:10:35,386 [INFO] Avg CPL=101.7 -> depth 8
2026-03-22 14:10:35,389 [INFO] Stockfish depth 8: d1c2
2026-03-22 14:10:36,617 [INFO] HTTP Request: POST https://lichess.org/api/bot/game/ymJLw3AT/move/d1c2 "HTTP/1.1 200 OK"
2026-03-22 14:10:36,673 [INFO] Sent: d1c2
2026-03-22 14:10:41,860 [INFO] CPL: 62.0 | Avg: 91.8 | n=4
2026-03-22 14:10:41,860 [INFO] Avg CPL=91.8 -> depth 8
2026-03-22 14:10:41,863 [INFO] Stockfish depth 8: f2f3
2026-03-22 14:10:42,678 [INFO] HTTP Request: POST https://lichess.org/api/bot/game/ymJLw3AT/move/f2f3 "HTTP/1.1 200 OK"
2026-03-22 14:10:42,679 [INFO] Sent: f2f3
2026-03-22 14:10:46,283 [INFO] HTTP Request: POST https://lichess.org/api/bot/game/ymJLw3AT/takeback/yes "HTTP/1.1 200 OK"
2026-03-22 14:10:46,445 [INFO] HTTP Request: POST https://lichess.org/api/bot/game/ymJLw3AT/chat "HTTP/1.1 200 OK"
2026-03-22 14:10:48,044 [INFO] HTTP Request: POST https://lichess.org/api/bot/game/ymJLw3AT/takeback/yes "HTTP/1.1 200 OK"
2026-03-22 14:10:48,208 [INFO] HTTP Request: POST https://lichess.org/api/bot/game/ymJLw3AT/chat "HTTP/1.1 200 OK"
2026-03-22 14:10:50,236 [INFO] HTTP Request: POST https://lichess.org/api/bot/game/ymJLw3AT/takeback/yes "HTTP/1.1 200 OK"
2026-03-22 14:10:50,400 [INFO] HTTP Request: POST https://lichess.org/api/bot/game/ymJLw3AT/chat "HTTP/1.1 200 OK"
2026-03-22 14:10:52,096 [INFO] HTTP Request: POST https://lichess.org/api/bot/game/ymJLw3AT/takeback/yes "HTTP/1.1 200 OK"
2026-03-22 14:10:52,259 [INFO] HTTP Request: POST https://lichess.org/api/bot/game/ymJLw3AT/chat "HTTP/1.1 200 OK"
2026-03-22 14:10:56,197 [INFO] CPL: 0.0 | Avg: 73.4 | n=5
2026-03-22 14:10:56,197 [INFO] Avg CPL=73.4 -> depth 11
2026-03-22 14:10:56,211 [INFO] Stockfish depth 11: b1a3
2026-03-22 14:10:56,445 [INFO] HTTP Request: POST https://lichess.org/api/bot/game/ymJLw3AT/move/b1a3 "HTTP/1.1 200 OK"
2026-03-22 14:10:56,447 [INFO] Sent: b1a3
2026-03-22 14:11:01,496 [INFO] CPL: 62.0 | Avg: 71.5 | n=6
2026-03-22 14:11:01,496 [INFO] Avg CPL=71.5 -> depth 11
2026-03-22 14:11:01,510 [INFO] Stockfish depth 11: g2f3
2026-03-22 14:11:02,484 [INFO] HTTP Request: POST https://lichess.org/api/bot/game/ymJLw3AT/move/g2f3 "HTTP/1.1 200 OK"
2026-03-22 14:11:02,485 [INFO] Sent: g2f3
2026-03-22 14:11:06,457 [INFO] CPL: 300.0 | Avg: 104.1 | n=7
2026-03-22 14:11:06,458 [INFO] Avg CPL=104.1 -> depth 8
2026-03-22 14:11:06,462 [INFO] Stockfish depth 8: f3b7
2026-03-22 14:11:06,667 [INFO] HTTP Request: POST https://lichess.org/api/bot/game/ymJLw3AT/move/f3b7 "HTTP/1.1 200 OK"
2026-03-22 14:11:06,668 [INFO] Sent: f3b7
2026-03-22 14:11:09,123 [INFO] HTTP Request: POST https://lichess.org/api/bot/game/ymJLw3AT/takeback/yes "HTTP/1.1 200 OK"
2026-03-22 14:11:09,294 [INFO] HTTP Request: POST https://lichess.org/api/bot/game/ymJLw3AT/chat "HTTP/1.1 200 OK"
2026-03-22 14:11:11,997 [INFO] CPL: 0.0 | Avg: 91.1 | n=8
2026-03-22 14:11:11,998 [INFO] Avg CPL=91.1 -> depth 8
2026-03-22 14:11:12,000 [INFO] Stockfish depth 8: a3c4
2026-03-22 14:11:12,420 [INFO] HTTP Request: POST https://lichess.org/api/bot/game/ymJLw3AT/move/a3c4 "HTTP/1.1 200 OK"
2026-03-22 14:11:12,422 [INFO] Sent: a3c4
2026-03-22 14:11:17,141 [INFO] CPL: 24.0 | Avg: 83.7 | n=9
2026-03-22 14:11:17,141 [INFO] Avg CPL=83.7 -> depth 11
2026-03-22 14:11:17,172 [INFO] Stockfish depth 11: f3c6
2026-03-22 14:11:18,277 [INFO] HTTP Request: POST https://lichess.org/api/bot/game/ymJLw3AT/move/f3c6 "HTTP/1.1 200 OK"
2026-03-22 14:11:18,278 [INFO] Sent: f3c6
2026-03-22 14:11:22,372 [INFO] CPL: 361.0 | Avg: 111.4 | n=10
2026-03-22 14:11:22,458 [INFO] Avg CPL=111.4 -> depth 8
2026-03-22 14:11:22,521 [INFO] Stockfish depth 8: c6e4
2026-03-22 14:11:22,899 [INFO] HTTP Request: POST https://lichess.org/api/bot/game/ymJLw3AT/move/c6e4 "HTTP/1.1 200 OK"
2026-03-22 14:11:22,902 [INFO] Sent: c6e4
2026-03-22 14:11:25,806 [INFO] CPL: 36.0 | Avg: 104.5 | n=11
2026-03-22 14:11:25,806 [INFO] Avg CPL=104.5 -> depth 8
2026-03-22 14:11:25,809 [INFO] Stockfish depth 8: e4g2
2026-03-22 14:11:26,028 [INFO] HTTP Request: POST https://lichess.org/api/bot/game/ymJLw3AT/move/e4g2 "HTTP/1.1 200 OK"
2026-03-22 14:11:26,029 [INFO] Sent: e4g2
2026-03-22 14:11:30,378 [INFO] CPL: 27.0 | Avg: 98.1 | n=12
2026-03-22 14:11:30,379 [INFO] Avg CPL=98.1 -> depth 8
2026-03-22 14:11:30,391 [INFO] Stockfish depth 8: d2d3
2026-03-22 14:11:30,686 [INFO] HTTP Request: POST https://lichess.org/api/bot/game/ymJLw3AT/move/d2d3 "HTTP/1.1 200 OK"
2026-03-22 14:11:30,686 [INFO] Sent: d2d3
2026-03-22 14:11:33,787 [INFO] CPL: 0.0 | Avg: 90.5 | n=13
2026-03-22 14:11:33,788 [INFO] Avg CPL=90.5 -> depth 8
2026-03-22 14:11:33,790 [INFO] Stockfish depth 8: c1e3
2026-03-22 14:11:34,022 [INFO] HTTP Request: POST https://lichess.org/api/bot/game/ymJLw3AT/move/c1e3 "HTTP/1.1 200 OK"
2026-03-22 14:11:34,023 [INFO] Sent: c1e3
2026-03-22 14:11:36,460 [INFO] CPL: 182.0 | Avg: 97.1 | n=14
2026-03-22 14:11:36,460 [INFO] Avg CPL=97.1 -> depth 8
2026-03-22 14:11:36,462 [INFO] Stockfish depth 8: e3d4
2026-03-22 14:11:36,651 [INFO] HTTP Request: POST https://lichess.org/api/bot/game/ymJLw3AT/move/e3d4 "HTTP/1.1 200 OK"
2026-03-22 14:11:36,651 [INFO] Sent: e3d4
2026-03-22 14:11:39,716 [INFO] HTTP Request: POST https://lichess.org/api/bot/game/ymJLw3AT/takeback/yes "HTTP/1.1 200 OK"
2026-03-22 14:11:39,884 [INFO] HTTP Request: POST https://lichess.org/api/bot/game/ymJLw3AT/chat "HTTP/1.1 200 OK"
2026-03-22 14:11:42,169 [INFO] HTTP Request: POST https://lichess.org/api/bot/game/ymJLw3AT/takeback/yes "HTTP/1.1 200 OK"
2026-03-22 14:11:42,341 [INFO] HTTP Request: POST https://lichess.org/api/bot/game/ymJLw3AT/chat "HTTP/1.1 200 OK"
2026-03-22 14:11:45,564 [INFO] CPL: 0.0 | Avg: 90.6 | n=15
2026-03-22 14:11:45,564 [INFO] Avg CPL=90.6 -> depth 8
2026-03-22 14:11:45,568 [INFO] Stockfish depth 8: c1e3
2026-03-22 14:11:45,821 [INFO] HTTP Request: POST https://lichess.org/api/bot/game/ymJLw3AT/move/c1e3 "HTTP/1.1 200 OK"
2026-03-22 14:11:45,823 [INFO] Sent: c1e3
2026-03-22 14:11:50,798 [INFO] CPL: 0.0 | Avg: 84.9 | n=16
2026-03-22 14:11:50,798 [INFO] Avg CPL=84.9 -> depth 11
2026-03-22 14:11:50,815 [INFO] Stockfish depth 11: c4e5
2026-03-22 14:11:51,755 [INFO] HTTP Request: POST https://lichess.org/api/bot/game/ymJLw3AT/move/c4e5 "HTTP/1.1 200 OK"
2026-03-22 14:11:51,756 [INFO] Sent: c4e5
2026-03-22 14:11:53,968 [INFO] CPL: 15.0 | Avg: 80.8 | n=17
2026-03-22 14:11:53,968 [INFO] Avg CPL=80.8 -> depth 11
2026-03-22 14:11:53,980 [INFO] Stockfish depth 11: e1g1
2026-03-22 14:11:54,354 [INFO] HTTP Request: POST https://lichess.org/api/bot/game/ymJLw3AT/move/e1g1 "HTTP/1.1 200 OK"
2026-03-22 14:11:54,355 [INFO] Sent: e1g1
2026-03-22 14:11:57,052 [INFO] CPL: 14.0 | Avg: 77.1 | n=18
2026-03-22 14:11:57,053 [INFO] Avg CPL=77.1 -> depth 11
2026-03-22 14:11:57,061 [INFO] Stockfish depth 11: d3d4
2026-03-22 14:11:57,271 [INFO] HTTP Request: POST https://lichess.org/api/bot/game/ymJLw3AT/move/d3d4 "HTTP/1.1 200 OK"
2026-03-22 14:11:57,272 [INFO] Sent: d3d4
2026-03-22 14:12:02,879 [INFO] CPL: 22.0 | Avg: 74.2 | n=19
2026-03-22 14:12:02,879 [INFO] Avg CPL=74.2 -> depth 11
2026-03-22 14:12:02,883 [INFO] Stockfish depth 11: d4c5
2026-03-22 14:12:03,692 [INFO] HTTP Request: POST https://lichess.org/api/bot/game/ymJLw3AT/move/d4c5 "HTTP/1.1 200 OK"
2026-03-22 14:12:03,694 [INFO] Sent: d4c5
2026-03-22 14:12:06,480 [INFO] CPL: 241.0 | Avg: 82.5 | n=20
2026-03-22 14:12:06,480 [INFO] Avg CPL=82.5 -> depth 11
2026-03-22 14:12:06,488 [INFO] Stockfish depth 11: e3c5
2026-03-22 14:12:07,283 [INFO] HTTP Request: POST https://lichess.org/api/bot/game/ymJLw3AT/move/e3c5 "HTTP/1.1 200 OK"
2026-03-22 14:12:07,307 [INFO] Sent: e3c5
2026-03-22 14:12:08,840 [INFO] HTTP Request: POST https://lichess.org/api/bot/game/ymJLw3AT/takeback/yes "HTTP/1.1 200 OK"
2026-03-22 14:12:09,091 [INFO] HTTP Request: POST https://lichess.org/api/bot/game/ymJLw3AT/chat "HTTP/1.1 200 OK"
2026-03-22 14:12:11,171 [INFO] HTTP Request: POST https://lichess.org/api/bot/game/ymJLw3AT/takeback/yes "HTTP/1.1 200 OK"
2026-03-22 14:12:11,414 [INFO] HTTP Request: POST https://lichess.org/api/bot/game/ymJLw3AT/chat "HTTP/1.1 200 OK"
2026-03-22 14:12:14,991 [INFO] HTTP Request: POST https://lichess.org/api/bot/game/ymJLw3AT/takeback/yes "HTTP/1.1 200 OK"
2026-03-22 14:12:15,217 [INFO] HTTP Request: POST https://lichess.org/api/bot/game/ymJLw3AT/chat "HTTP/1.1 200 OK"
2026-03-22 14:12:20,579 [INFO] CPL: 0.0 | Avg: 78.6 | n=21
2026-03-22 14:12:20,579 [INFO] Avg CPL=78.6 -> depth 11
2026-03-22 14:12:20,584 [INFO] Stockfish depth 11: e5d3
2026-03-22 14:12:21,372 [INFO] HTTP Request: POST https://lichess.org/api/bot/game/ymJLw3AT/move/e5d3 "HTTP/1.1 200 OK"
2026-03-22 14:12:21,375 [INFO] Sent: e5d3
2026-03-22 14:12:24,334 [INFO] HTTP Request: POST https://lichess.org/api/bot/game/ymJLw3AT/takeback/yes "HTTP/1.1 200 OK"
2026-03-22 14:12:24,505 [INFO] HTTP Request: POST https://lichess.org/api/bot/game/ymJLw3AT/chat "HTTP/1.1 200 OK"
2026-03-22 14:12:26,695 [INFO] CPL: 0.0 | Avg: 75.0 | n=22
2026-03-22 14:12:26,695 [INFO] Avg CPL=75.0 -> depth 11
2026-03-22 14:12:26,703 [INFO] Stockfish depth 11: e5d7
2026-03-22 14:12:26,915 [INFO] HTTP Request: POST https://lichess.org/api/bot/game/ymJLw3AT/move/e5d7 "HTTP/1.1 200 OK"
2026-03-22 14:12:26,919 [INFO] Sent: e5d7
2026-03-22 14:12:28,353 [INFO] CPL: 0.0 | Avg: 71.8 | n=23
2026-03-22 14:12:28,354 [INFO] Avg CPL=71.8 -> depth 11
2026-03-22 14:12:28,359 [INFO] Stockfish depth 11: g2b7
2026-03-22 14:12:28,566 [INFO] HTTP Request: POST https://lichess.org/api/bot/game/ymJLw3AT/move/g2b7 "HTTP/1.1 200 OK"
2026-03-22 14:12:28,567 [INFO] Sent: g2b7
2026-03-22 14:12:31,954 [INFO] CPL: 19.0 | Avg: 69.6 | n=24
2026-03-22 14:12:31,955 [INFO] Avg CPL=69.6 -> depth 11
2026-03-22 14:12:31,959 [INFO] Stockfish depth 11: d1b3
2026-03-22 14:12:32,166 [INFO] HTTP Request: POST https://lichess.org/api/bot/game/ymJLw3AT/move/d1b3 "HTTP/1.1 200 OK"
2026-03-22 14:12:32,168 [INFO] Sent: d1b3
2026-03-22 14:12:37,098 [INFO] CPL: 63.0 | Avg: 69.3 | n=25
2026-03-22 14:12:37,098 [INFO] Avg CPL=69.3 -> depth 11
2026-03-22 14:12:37,102 [INFO] Stockfish depth 11: b3b7
2026-03-22 14:12:37,286 [INFO] HTTP Request: POST https://lichess.org/api/bot/game/ymJLw3AT/move/b3b7 "HTTP/1.1 200 OK"
2026-03-22 14:12:37,288 [INFO] Sent: b3b7
2026-03-22 14:12:38,815 [INFO] CPL: 1.0 | Avg: 66.7 | n=26
2026-03-22 14:12:38,815 [INFO] Avg CPL=66.7 -> depth 11
2026-03-22 14:12:38,822 [INFO] Stockfish depth 11: b7d5
2026-03-22 14:12:39,011 [INFO] HTTP Request: POST https://lichess.org/api/bot/game/ymJLw3AT/move/b7d5 "HTTP/1.1 200 OK"
2026-03-22 14:12:39,012 [INFO] Sent: b7d5
2026-03-22 14:12:41,478 [INFO] CPL: 86.0 | Avg: 67.4 | n=27
2026-03-22 14:12:41,478 [INFO] Avg CPL=67.4 -> depth 11
2026-03-22 14:12:41,486 [INFO] Stockfish depth 11: e3g5
2026-03-22 14:12:41,693 [INFO] HTTP Request: POST https://lichess.org/api/bot/game/ymJLw3AT/move/e3g5 "HTTP/1.1 200 OK"
2026-03-22 14:12:41,694 [INFO] Sent: e3g5
2026-03-22 14:12:44,764 [INFO] CPL: 31.0 | Avg: 66.1 | n=28
2026-03-22 14:12:44,764 [INFO] Avg CPL=66.1 -> depth 11
2026-03-22 14:12:44,778 [INFO] Stockfish depth 11: d5a8
2026-03-22 14:12:44,968 [INFO] HTTP Request: POST https://lichess.org/api/bot/game/ymJLw3AT/move/d5a8 "HTTP/1.1 200 OK"
2026-03-22 14:12:44,969 [INFO] Sent: d5a8
2026-03-22 14:12:46,909 [INFO] CPL: 25.0 | Avg: 64.7 | n=29
2026-03-22 14:12:46,910 [INFO] Avg CPL=64.7 -> depth 11
2026-03-22 14:12:46,917 [INFO] Stockfish depth 11: a8h8
2026-03-22 14:12:47,107 [INFO] HTTP Request: POST https://lichess.org/api/bot/game/ymJLw3AT/move/a8h8 "HTTP/1.1 200 OK"
2026-03-22 14:12:47,107 [INFO] Sent: a8h8
2026-03-22 14:12:49,928 [INFO] Game finished: ymJLw3AT | Active: 2
2026-03-22 14:18:13,131 [INFO] Bot stopped. GG.
2026-03-22 14:18:19,412 [INFO] HTTP Request: GET https://lichess.org/api/account "HTTP/1.1 200 OK"
2026-03-22 14:18:19,413 [INFO] Logged in as: Inappropriate_BOT
2026-03-22 14:18:19,414 [INFO] OpeningTrainer is ONLINE
2026-03-22 14:18:19,414 [INFO] Listening for events...
2026-03-22 14:18:20,561 [INFO] HTTP Request: GET https://lichess.org/api/stream/event "HTTP/1.1 200 OK"
2026-03-22 14:18:20,562 [INFO] Game starting: jkxTgzEf
2026-03-22 14:18:20,562 [INFO] Game starting: DvU2wizz
2026-03-22 14:18:22,257 [INFO] Engine started
2026-03-22 14:18:22,259 [INFO] Engine started
2026-03-22 14:18:23,017 [INFO] HTTP Request: GET https://lichess.org/api/bot/game/stream/jkxTgzEf "HTTP/1.1 200 OK"
2026-03-22 14:18:23,023 [INFO] HTTP Request: GET https://lichess.org/api/bot/game/stream/DvU2wizz "HTTP/1.1 200 OK"
2026-03-22 14:18:23,783 [INFO] HTTP Request: GET https://lichess.org/api/account "HTTP/1.1 200 OK"
2026-03-22 14:18:23,786 [INFO] Playing as Black
2026-03-22 14:18:23,790 [INFO] HTTP Request: GET https://lichess.org/api/account "HTTP/1.1 200 OK"
2026-03-22 14:18:23,791 [INFO] Playing as Black
2026-03-22 14:18:23,956 [INFO] HTTP Request: POST https://lichess.org/api/bot/game/jkxTgzEf/chat "HTTP/1.1 200 OK"
2026-03-22 14:18:23,961 [INFO] HTTP Request: POST https://lichess.org/api/bot/game/DvU2wizz/chat "HTTP/1.1 200 OK"
2026-03-22 14:18:29,414 [INFO] Challenge: World_Champppppppppp | standard | correspondence | rated=False
2026-03-22 14:18:30,741 [INFO] HTTP Request: POST https://lichess.org/api/challenge/WOohsN5u/accept "HTTP/1.1 200 OK"
2026-03-22 14:18:30,742 [INFO] Accepted: World_Champppppppppp
2026-03-22 14:18:30,742 [INFO] Game starting: WOohsN5u
2026-03-22 14:18:34,080 [INFO] Engine started
2026-03-22 14:18:34,882 [INFO] HTTP Request: GET https://lichess.org/api/bot/game/stream/WOohsN5u "HTTP/1.1 200 OK"
2026-03-22 14:18:35,663 [INFO] HTTP Request: GET https://lichess.org/api/account "HTTP/1.1 200 OK"
2026-03-22 14:18:35,674 [INFO] Playing as Black
2026-03-22 14:18:35,849 [INFO] HTTP Request: POST https://lichess.org/api/bot/game/WOohsN5u/chat "HTTP/1.1 200 OK"
2026-03-22 14:18:35,924 [INFO] Book move: d7d6
2026-03-22 14:18:36,151 [INFO] HTTP Request: POST https://lichess.org/api/bot/game/WOohsN5u/move/d7d6 "HTTP/1.1 200 OK"
2026-03-22 14:18:36,155 [INFO] Sent: d7d6
2026-03-22 14:18:38,522 [INFO] Book move: g8f6
2026-03-22 14:18:38,688 [INFO] HTTP Request: POST https://lichess.org/api/bot/game/WOohsN5u/move/g8f6 "HTTP/1.1 200 OK"
2026-03-22 14:18:38,689 [INFO] Sent: g8f6
2026-03-22 14:18:40,105 [INFO] Out of book
2026-03-22 14:18:40,271 [INFO] HTTP Request: POST https://lichess.org/api/bot/game/WOohsN5u/chat "HTTP/1.1 200 OK"
2026-03-22 14:18:40,297 [INFO] Stockfish depth 12: d6e5
2026-03-22 14:18:40,587 [INFO] HTTP Request: POST https://lichess.org/api/bot/game/WOohsN5u/move/d6e5 "HTTP/1.1 200 OK"
2026-03-22 14:18:40,588 [INFO] Sent: d6e5
2026-03-22 14:18:42,328 [INFO] CPL: 17.0 | Avg: 17.0 | n=1
2026-03-22 14:18:42,344 [INFO] Stockfish depth 12: d8d1
2026-03-22 14:18:42,592 [INFO] HTTP Request: POST https://lichess.org/api/bot/game/WOohsN5u/move/d8d1 "HTTP/1.1 200 OK"
2026-03-22 14:18:42,592 [INFO] Sent: d8d1
2026-03-22 14:18:43,535 [INFO] CPL: 18.0 | Avg: 17.5 | n=2
2026-03-22 14:18:43,551 [INFO] Stockfish depth 12: f6g4
2026-03-22 14:18:43,850 [INFO] HTTP Request: POST https://lichess.org/api/bot/game/WOohsN5u/move/f6g4 "HTTP/1.1 200 OK"
2026-03-22 14:18:43,851 [INFO] Sent: f6g4
2026-03-22 14:18:52,491 [INFO] CPL: 125.0 | Avg: 53.3 | n=3
2026-03-22 14:18:52,491 [INFO] Avg CPL=53.3 -> depth 8
2026-03-22 14:18:52,494 [INFO] Stockfish depth 8: g4f2
2026-03-22 14:18:53,305 [INFO] HTTP Request: POST https://lichess.org/api/bot/game/WOohsN5u/move/g4f2 "HTTP/1.1 200 OK"
2026-03-22 14:18:53,305 [INFO] Sent: g4f2
2026-03-22 14:18:54,317 [INFO] CPL: 0.0 | Avg: 40.0 | n=4
2026-03-22 14:18:54,317 [INFO] Avg CPL=40.0 -> depth 10
2026-03-22 14:18:54,324 [INFO] Stockfish depth 10: g4f2
2026-03-22 14:18:54,569 [INFO] HTTP Request: POST https://lichess.org/api/bot/game/WOohsN5u/move/g4f2 "HTTP/1.1 400 Bad Request"
2026-03-22 14:18:54,601 [ERROR] Game WOohsN5u error: Client error '400 Bad Request' for url 'https://lichess.org/api/bot/game/WOohsN5u/move/g4f2'
For more information check: https://developer.mozilla.org/en-US/docs/Web/HTTP/Status/400
Traceback (most recent call last):
  File "C:\Users\Aarav\OneDrive\Documents\Codes\pythonCodes\Chess\Lichess Bot\bot.py", line 109, in _run_game
    await GameHandler(game_id, self.token).run()
  File "C:\Users\Aarav\OneDrive\Documents\Codes\pythonCodes\Chess\Lichess Bot\game_handler.py", line 37, in run
    await self._handle_game_event(event)
  File "C:\Users\Aarav\OneDrive\Documents\Codes\pythonCodes\Chess\Lichess Bot\game_handler.py", line 52, in _handle_game_event
    await self._apply_state(event)
  File "C:\Users\Aarav\OneDrive\Documents\Codes\pythonCodes\Chess\Lichess Bot\game_handler.py", line 102, in _apply_state
    await self._make_move(state)
  File "C:\Users\Aarav\OneDrive\Documents\Codes\pythonCodes\Chess\Lichess Bot\game_handler.py", line 128, in _make_move
    await self._send_move(move.uci())
  File "C:\Users\Aarav\OneDrive\Documents\Codes\pythonCodes\Chess\Lichess Bot\game_handler.py", line 174, in _send_move
    r.raise_for_status()
  File "C:\Users\Aarav\AppData\Local\Programs\Python\Python311\Lib\site-packages\httpx\_models.py", line 829, in raise_for_status
    raise HTTPStatusError(message, request=request, response=self)
httpx.HTTPStatusError: Client error '400 Bad Request' for url 'https://lichess.org/api/bot/game/WOohsN5u/move/g4f2'
For more information check: https://developer.mozilla.org/en-US/docs/Web/HTTP/Status/400
2026-03-22 14:19:23,162 [INFO] Game finished: WOohsN5u | Active: 2
2026-03-22 14:19:33,838 [INFO] Challenge: World_Champppppppppp | standard | correspondence | rated=False
2026-03-22 14:19:35,054 [INFO] HTTP Request: POST https://lichess.org/api/challenge/EvzI0CpX/accept "HTTP/1.1 200 OK"
2026-03-22 14:19:35,055 [INFO] Accepted: World_Champppppppppp
2026-03-22 14:19:35,055 [INFO] Game starting: EvzI0CpX
2026-03-22 14:19:37,263 [INFO] Engine started
2026-03-22 14:19:38,053 [INFO] HTTP Request: GET https://lichess.org/api/bot/game/stream/EvzI0CpX "HTTP/1.1 200 OK"
2026-03-22 14:19:38,838 [INFO] HTTP Request: GET https://lichess.org/api/account "HTTP/1.1 200 OK"
2026-03-22 14:19:38,839 [INFO] Playing as White
2026-03-22 14:19:39,018 [INFO] HTTP Request: POST https://lichess.org/api/bot/game/EvzI0CpX/chat "HTTP/1.1 200 OK"
2026-03-22 14:19:39,021 [INFO] Book move: e2e4
2026-03-22 14:19:39,198 [INFO] HTTP Request: POST https://lichess.org/api/bot/game/EvzI0CpX/move/e2e4 "HTTP/1.1 200 OK"
2026-03-22 14:19:39,198 [INFO] Sent: e2e4
2026-03-22 14:19:41,460 [INFO] Book move: g1f3
2026-03-22 14:19:41,628 [INFO] HTTP Request: POST https://lichess.org/api/bot/game/EvzI0CpX/move/g1f3 "HTTP/1.1 200 OK"
2026-03-22 14:19:41,629 [INFO] Sent: g1f3
2026-03-22 14:19:56,309 [INFO] Book move: f1b5
2026-03-22 14:19:57,080 [INFO] HTTP Request: POST https://lichess.org/api/bot/game/EvzI0CpX/move/f1b5 "HTTP/1.1 200 OK"
2026-03-22 14:19:57,081 [INFO] Sent: f1b5
2026-03-22 14:19:59,624 [INFO] Book move: e1g1
2026-03-22 14:19:59,795 [INFO] HTTP Request: POST https://lichess.org/api/bot/game/EvzI0CpX/move/e1g1 "HTTP/1.1 200 OK"
2026-03-22 14:19:59,795 [INFO] Sent: e1g1
2026-03-22 14:20:05,026 [INFO] Book move: f3e5
2026-03-22 14:20:05,813 [INFO] HTTP Request: POST https://lichess.org/api/bot/game/EvzI0CpX/move/f3e5 "HTTP/1.1 200 OK"
2026-03-22 14:20:05,814 [INFO] Sent: f3e5
2026-03-22 14:20:07,307 [INFO] Out of book
2026-03-22 14:20:07,487 [INFO] HTTP Request: POST https://lichess.org/api/bot/game/EvzI0CpX/chat "HTTP/1.1 200 OK"
2026-03-22 14:20:07,491 [INFO] Stockfish depth 12: d2d4
2026-03-22 14:20:07,751 [INFO] HTTP Request: POST https://lichess.org/api/bot/game/EvzI0CpX/move/d2d4 "HTTP/1.1 200 OK"
2026-03-22 14:20:07,753 [INFO] Sent: d2d4
2026-03-22 14:20:11,864 [INFO] CPL: 0.0 | Avg: 0.0 | n=1
2026-03-22 14:20:11,914 [INFO] Stockfish depth 12: d4e5
2026-03-22 14:20:12,338 [INFO] HTTP Request: POST https://lichess.org/api/bot/game/EvzI0CpX/move/d4e5 "HTTP/1.1 200 OK"
2026-03-22 14:20:12,340 [INFO] Sent: d4e5
2026-03-22 14:20:13,609 [INFO] CPL: 59.0 | Avg: 29.5 | n=2
2026-03-22 14:20:13,630 [INFO] Stockfish depth 12: e5f6
2026-03-22 14:20:14,017 [INFO] HTTP Request: POST https://lichess.org/api/bot/game/EvzI0CpX/move/e5f6 "HTTP/1.1 200 OK"
2026-03-22 14:20:14,018 [INFO] Sent: e5f6
2026-03-22 14:20:15,577 [INFO] HTTP Request: POST https://lichess.org/api/bot/game/EvzI0CpX/takeback/yes "HTTP/1.1 200 OK"
2026-03-22 14:20:15,753 [INFO] HTTP Request: POST https://lichess.org/api/bot/game/EvzI0CpX/chat "HTTP/1.1 200 OK"
2026-03-22 14:20:21,666 [INFO] HTTP Request: POST https://lichess.org/api/bot/game/EvzI0CpX/takeback/yes "HTTP/1.1 200 OK"
2026-03-22 14:20:21,839 [INFO] HTTP Request: POST https://lichess.org/api/bot/game/EvzI0CpX/chat "HTTP/1.1 200 OK"
2026-03-22 14:20:31,562 [INFO] CPL: 126.0 | Avg: 61.7 | n=3
2026-03-22 14:20:31,563 [INFO] Avg CPL=61.7 -> depth 6
2026-03-22 14:20:31,567 [INFO] Stockfish depth 6: d4c5
2026-03-22 14:20:32,585 [INFO] HTTP Request: POST https://lichess.org/api/bot/game/EvzI0CpX/move/d4c5 "HTTP/1.1 200 OK"
2026-03-22 14:20:32,587 [INFO] Sent: d4c5
2026-03-22 14:20:34,335 [INFO] CPL: 42.0 | Avg: 56.8 | n=4
2026-03-22 14:20:34,336 [INFO] Avg CPL=56.8 -> depth 8
2026-03-22 14:20:34,339 [INFO] Stockfish depth 8: c1f4
2026-03-22 14:20:34,661 [INFO] HTTP Request: POST https://lichess.org/api/bot/game/EvzI0CpX/move/c1f4 "HTTP/1.1 200 OK"
2026-03-22 14:20:34,662 [INFO] Sent: c1f4
2026-03-22 14:20:40,659 [INFO] CPL: 137.0 | Avg: 72.8 | n=5
2026-03-22 14:20:40,659 [INFO] Avg CPL=72.8 -> depth 6
2026-03-22 14:20:40,663 [INFO] Stockfish depth 6: f4g3
2026-03-22 14:20:41,499 [INFO] HTTP Request: POST https://lichess.org/api/bot/game/EvzI0CpX/move/f4g3 "HTTP/1.1 200 OK"
2026-03-22 14:20:41,500 [INFO] Sent: f4g3
2026-03-22 14:20:44,155 [INFO] CPL: 0.0 | Avg: 60.7 | n=6
2026-03-22 14:20:44,155 [INFO] Avg CPL=60.7 -> depth 6
2026-03-22 14:20:44,158 [INFO] Stockfish depth 6: b5e2
2026-03-22 14:20:44,419 [INFO] HTTP Request: POST https://lichess.org/api/bot/game/EvzI0CpX/move/b5e2 "HTTP/1.1 200 OK"
2026-03-22 14:20:44,421 [INFO] Sent: b5e2
2026-03-22 14:20:51,965 [INFO] CPL: 84.0 | Avg: 64.0 | n=7
2026-03-22 14:20:51,966 [INFO] Avg CPL=64.0 -> depth 6
2026-03-22 14:20:51,969 [INFO] Stockfish depth 6: b1c3
2026-03-22 14:20:52,816 [INFO] HTTP Request: POST https://lichess.org/api/bot/game/EvzI0CpX/move/b1c3 "HTTP/1.1 200 OK"
2026-03-22 14:20:52,817 [INFO] Sent: b1c3
2026-03-22 14:20:53,860 [INFO] CPL: 36.0 | Avg: 60.5 | n=8
2026-03-22 14:20:53,861 [INFO] Avg CPL=60.5 -> depth 6
2026-03-22 14:20:53,863 [INFO] Stockfish depth 6: c3d5
2026-03-22 14:20:54,083 [INFO] HTTP Request: POST https://lichess.org/api/bot/game/EvzI0CpX/move/c3d5 "HTTP/1.1 200 OK"
2026-03-22 14:20:54,085 [INFO] Sent: c3d5
2026-03-22 14:20:57,221 [INFO] CPL: 58.0 | Avg: 60.2 | n=9
2026-03-22 14:20:57,222 [INFO] Avg CPL=60.2 -> depth 6
2026-03-22 14:20:57,225 [INFO] Stockfish depth 6: d5f6
2026-03-22 14:20:57,428 [INFO] HTTP Request: POST https://lichess.org/api/bot/game/EvzI0CpX/move/d5f6 "HTTP/1.1 200 OK"
2026-03-22 14:20:57,429 [INFO] Sent: d5f6
2026-03-22 14:20:59,763 [INFO] CPL: 194.0 | Avg: 73.6 | n=10
2026-03-22 14:20:59,763 [INFO] Avg CPL=73.6 -> depth 6
2026-03-22 14:20:59,766 [INFO] Stockfish depth 6: f6h5
2026-03-22 14:20:59,958 [INFO] HTTP Request: POST https://lichess.org/api/bot/game/EvzI0CpX/move/f6h5 "HTTP/1.1 200 OK"
2026-03-22 14:20:59,960 [INFO] Sent: f6h5
2026-03-22 14:21:01,900 [INFO] Game finished: EvzI0CpX | Active: 2
2026-03-22 14:23:45,472 [INFO] HTTP Request: GET https://lichess.org/api/account "HTTP/1.1 200 OK"
2026-03-22 14:23:45,475 [INFO] Logged in as: Inappropriate_BOT
2026-03-22 14:23:45,476 [INFO] OpeningTrainer is ONLINE
2026-03-22 14:23:45,477 [INFO] Listening for events...
2026-03-22 14:23:46,570 [INFO] HTTP Request: GET https://lichess.org/api/stream/event "HTTP/1.1 200 OK"
2026-03-22 14:23:46,571 [INFO] Game starting: jkxTgzEf
2026-03-22 14:23:46,572 [INFO] Game starting: DvU2wizz
2026-03-22 14:23:48,100 [INFO] Engine started
2026-03-22 14:23:48,108 [INFO] Engine started
2026-03-22 14:23:48,873 [INFO] HTTP Request: GET https://lichess.org/api/bot/game/stream/DvU2wizz "HTTP/1.1 200 OK"
2026-03-22 14:23:48,879 [INFO] HTTP Request: GET https://lichess.org/api/bot/game/stream/jkxTgzEf "HTTP/1.1 200 OK"
2026-03-22 14:23:49,640 [INFO] HTTP Request: GET https://lichess.org/api/account "HTTP/1.1 200 OK"
2026-03-22 14:23:49,640 [INFO] Playing as Black
2026-03-22 14:23:49,652 [INFO] HTTP Request: GET https://lichess.org/api/account "HTTP/1.1 200 OK"
2026-03-22 14:23:49,652 [INFO] Playing as Black
2026-03-22 14:23:49,807 [INFO] HTTP Request: POST https://lichess.org/api/bot/game/DvU2wizz/chat "HTTP/1.1 200 OK"
2026-03-22 14:23:49,810 [INFO] HTTP Request: POST https://lichess.org/api/bot/game/jkxTgzEf/chat "HTTP/1.1 200 OK"
2026-03-22 14:24:03,744 [INFO] Challenge: World_Champppppppppp | standard | correspondence | rated=False
2026-03-22 14:24:04,975 [INFO] HTTP Request: POST https://lichess.org/api/challenge/on7kSKMA/accept "HTTP/1.1 200 OK"
2026-03-22 14:24:04,976 [INFO] Accepted: World_Champppppppppp
2026-03-22 14:24:04,977 [INFO] Game starting: on7kSKMA
2026-03-22 14:24:07,100 [INFO] Engine started
2026-03-22 14:24:07,862 [INFO] HTTP Request: GET https://lichess.org/api/bot/game/stream/on7kSKMA "HTTP/1.1 200 OK"
2026-03-22 14:24:08,647 [INFO] HTTP Request: GET https://lichess.org/api/account "HTTP/1.1 200 OK"
2026-03-22 14:24:08,650 [INFO] Playing as Black
2026-03-22 14:24:08,818 [INFO] HTTP Request: POST https://lichess.org/api/bot/game/on7kSKMA/chat "HTTP/1.1 200 OK"
2026-03-22 14:24:12,913 [INFO] Book move: c7c5
2026-03-22 14:24:13,081 [INFO] HTTP Request: POST https://lichess.org/api/bot/game/on7kSKMA/move/c7c5 "HTTP/1.1 200 OK"
2026-03-22 14:24:13,082 [INFO] Sent: c7c5
2026-03-22 14:24:15,218 [INFO] Out of book
2026-03-22 14:24:15,384 [INFO] HTTP Request: POST https://lichess.org/api/bot/game/on7kSKMA/chat "HTTP/1.1 200 OK"
2026-03-22 14:24:15,391 [INFO] Stockfish depth 5: c5d4
2026-03-22 14:24:15,638 [INFO] HTTP Request: POST https://lichess.org/api/bot/game/on7kSKMA/move/c5d4 "HTTP/1.1 200 OK"
2026-03-22 14:24:15,639 [INFO] Sent: c5d4
2026-03-22 14:24:19,325 [INFO] CPL: 57.0 | Avg: 57.0 | n=1
2026-03-22 14:24:19,327 [INFO] Stockfish depth 5: d4c3
2026-03-22 14:24:19,579 [INFO] HTTP Request: POST https://lichess.org/api/bot/game/on7kSKMA/move/d4c3 "HTTP/1.1 200 OK"
2026-03-22 14:24:19,580 [INFO] Sent: d4c3
2026-03-22 14:24:21,383 [INFO] CPL: 41.0 | Avg: 49.0 | n=2
2026-03-22 14:24:21,385 [INFO] Stockfish depth 5: c3b2
2026-03-22 14:24:21,611 [INFO] HTTP Request: POST https://lichess.org/api/bot/game/on7kSKMA/move/c3b2 "HTTP/1.1 200 OK"
2026-03-22 14:24:21,612 [INFO] Sent: c3b2
2026-03-22 14:24:24,001 [INFO] CPL: 0.0 | Avg: 32.7 | n=3
2026-03-22 14:24:24,001 [INFO] Avg CPL=32.7 -> depth 6
2026-03-22 14:24:24,005 [INFO] Stockfish depth 6: a7a6
2026-03-22 14:24:24,274 [INFO] HTTP Request: POST https://lichess.org/api/bot/game/on7kSKMA/move/a7a6 "HTTP/1.1 200 OK"
2026-03-22 14:24:24,274 [INFO] Sent: a7a6
2026-03-22 14:24:26,018 [INFO] CPL: 4.0 | Avg: 25.5 | n=4
2026-03-22 14:24:26,018 [INFO] Avg CPL=25.5 -> depth 6
2026-03-22 14:24:26,022 [INFO] Stockfish depth 6: e7e6
2026-03-22 14:24:26,319 [INFO] HTTP Request: POST https://lichess.org/api/bot/game/on7kSKMA/move/e7e6 "HTTP/1.1 200 OK"
2026-03-22 14:24:26,319 [INFO] Sent: e7e6
2026-03-22 14:24:28,417 [INFO] CPL: 108.0 | Avg: 42.0 | n=5
2026-03-22 14:24:28,417 [INFO] Avg CPL=42.0 -> depth 5
2026-03-22 14:24:28,420 [INFO] Stockfish depth 5: b8c6
2026-03-22 14:24:28,621 [INFO] HTTP Request: POST https://lichess.org/api/bot/game/on7kSKMA/move/b8c6 "HTTP/1.1 200 OK"
2026-03-22 14:24:28,622 [INFO] Sent: b8c6
2026-03-22 14:24:31,720 [INFO] CPL: 146.0 | Avg: 59.3 | n=6
2026-03-22 14:24:31,721 [INFO] Avg CPL=59.3 -> depth 5
2026-03-22 14:24:31,725 [INFO] Stockfish depth 5: c6a5
2026-03-22 14:24:31,989 [INFO] HTTP Request: POST https://lichess.org/api/bot/game/on7kSKMA/move/c6a5 "HTTP/1.1 200 OK"
2026-03-22 14:24:31,990 [INFO] Sent: c6a5
2026-03-22 14:24:35,393 [INFO] CPL: 39.0 | Avg: 56.4 | n=7
2026-03-22 14:24:35,393 [INFO] Avg CPL=56.4 -> depth 5
2026-03-22 14:24:35,395 [INFO] Stockfish depth 5: b7b5
2026-03-22 14:24:35,887 [INFO] HTTP Request: POST https://lichess.org/api/bot/game/on7kSKMA/move/b7b5 "HTTP/1.1 200 OK"
2026-03-22 14:24:35,887 [INFO] Sent: b7b5
2026-03-22 14:24:39,188 [INFO] HTTP Request: POST https://lichess.org/api/bot/game/on7kSKMA/takeback/yes "HTTP/1.1 200 OK"
2026-03-22 14:24:39,353 [INFO] HTTP Request: POST https://lichess.org/api/bot/game/on7kSKMA/chat "HTTP/1.1 200 OK"
2026-03-22 14:24:43,051 [INFO] CPL: 345.0 | Avg: 92.5 | n=8
2026-03-22 14:24:43,051 [INFO] Avg CPL=92.5 -> depth 3
2026-03-22 14:24:43,056 [INFO] Stockfish depth 3: f8b4
2026-03-22 14:24:43,259 [INFO] HTTP Request: POST https://lichess.org/api/bot/game/on7kSKMA/move/f8b4 "HTTP/1.1 200 OK"
2026-03-22 14:24:43,260 [INFO] Sent: f8b4
2026-03-22 14:24:45,036 [INFO] HTTP Request: POST https://lichess.org/api/bot/game/on7kSKMA/takeback/yes "HTTP/1.1 200 OK"
2026-03-22 14:24:45,201 [INFO] HTTP Request: POST https://lichess.org/api/bot/game/on7kSKMA/chat "HTTP/1.1 200 OK"
2026-03-22 14:24:46,225 [INFO] HTTP Request: POST https://lichess.org/api/bot/game/on7kSKMA/takeback/yes "HTTP/1.1 200 OK"
2026-03-22 14:24:46,390 [INFO] HTTP Request: POST https://lichess.org/api/bot/game/on7kSKMA/chat "HTTP/1.1 200 OK"
2026-03-22 14:24:57,982 [INFO] CPL: 0.0 | Avg: 82.2 | n=9
2026-03-22 14:24:57,983 [INFO] Avg CPL=82.2 -> depth 4
2026-03-22 14:24:57,985 [INFO] Stockfish depth 4: d7d6
2026-03-22 14:24:58,940 [INFO] HTTP Request: POST https://lichess.org/api/bot/game/on7kSKMA/move/d7d6 "HTTP/1.1 200 OK"
2026-03-22 14:24:58,941 [INFO] Sent: d7d6
2026-03-22 14:25:06,687 [INFO] CPL: 54.0 | Avg: 79.4 | n=10
2026-03-22 14:25:06,689 [INFO] Avg CPL=79.4 -> depth 4
2026-03-22 14:25:06,691 [INFO] Stockfish depth 4: c8d7
2026-03-22 14:25:07,522 [INFO] HTTP Request: POST https://lichess.org/api/bot/game/on7kSKMA/move/c8d7 "HTTP/1.1 200 OK"
2026-03-22 14:25:07,523 [INFO] Sent: c8d7
2026-03-22 14:25:09,627 [INFO] CPL: 157.0 | Avg: 86.5 | n=11
2026-03-22 14:25:09,627 [INFO] Avg CPL=86.5 -> depth 4
2026-03-22 14:25:09,631 [INFO] Stockfish depth 4: b7b5
2026-03-22 14:25:09,821 [INFO] HTTP Request: POST https://lichess.org/api/bot/game/on7kSKMA/move/b7b5 "HTTP/1.1 200 OK"
2026-03-22 14:25:09,822 [INFO] Sent: b7b5
2026-03-22 14:25:14,469 [INFO] CPL: 85.0 | Avg: 86.3 | n=12
2026-03-22 14:25:14,469 [INFO] Avg CPL=86.3 -> depth 4
2026-03-22 14:25:14,472 [INFO] Stockfish depth 4: a6b5
2026-03-22 14:25:14,656 [INFO] HTTP Request: POST https://lichess.org/api/bot/game/on7kSKMA/move/a6b5 "HTTP/1.1 200 OK"
2026-03-22 14:25:14,657 [INFO] Sent: a6b5
2026-03-22 14:25:17,483 [INFO] CPL: 25.0 | Avg: 81.6 | n=13
2026-03-22 14:25:17,483 [INFO] Avg CPL=81.6 -> depth 4
2026-03-22 14:25:17,486 [INFO] Stockfish depth 4: a8a3
2026-03-22 14:25:17,672 [INFO] HTTP Request: POST https://lichess.org/api/bot/game/on7kSKMA/move/a8a3 "HTTP/1.1 200 OK"
2026-03-22 14:25:17,672 [INFO] Sent: a8a3
2026-03-22 14:25:18,868 [INFO] Game finished: on7kSKMA | Active: 2
2026-03-22 14:28:05,237 [INFO] HTTP Request: GET https://lichess.org/api/account "HTTP/1.1 200 OK"
2026-03-22 14:28:05,239 [INFO] Logged in as: Inappropriate_BOT
2026-03-22 14:28:05,240 [INFO] OpeningTrainer is ONLINE
2026-03-22 14:28:05,241 [INFO] Listening for events...
2026-03-22 14:28:06,321 [INFO] HTTP Request: GET https://lichess.org/api/stream/event "HTTP/1.1 200 OK"
2026-03-22 14:28:06,322 [INFO] Game starting: jkxTgzEf
2026-03-22 14:28:06,681 [INFO] Game starting: DvU2wizz
2026-03-22 14:28:07,574 [INFO] Engine started
2026-03-22 14:28:08,149 [INFO] Engine started
2026-03-22 14:28:08,333 [INFO] HTTP Request: GET https://lichess.org/api/bot/game/stream/jkxTgzEf "HTTP/1.1 200 OK"
2026-03-22 14:28:08,921 [INFO] HTTP Request: GET https://lichess.org/api/bot/game/stream/DvU2wizz "HTTP/1.1 200 OK"
2026-03-22 14:28:09,109 [INFO] HTTP Request: GET https://lichess.org/api/account "HTTP/1.1 200 OK"
2026-03-22 14:28:09,119 [INFO] Playing as Black
2026-03-22 14:28:09,288 [INFO] HTTP Request: POST https://lichess.org/api/bot/game/jkxTgzEf/chat "HTTP/1.1 200 OK"
2026-03-22 14:28:09,714 [INFO] HTTP Request: GET https://lichess.org/api/account "HTTP/1.1 200 OK"
2026-03-22 14:28:09,714 [INFO] Playing as Black
2026-03-22 14:28:09,885 [INFO] HTTP Request: POST https://lichess.org/api/bot/game/DvU2wizz/chat "HTTP/1.1 200 OK"
2026-03-22 14:28:18,154 [INFO] Challenge: World_Champppppppppp | standard | correspondence | rated=False
2026-03-22 14:28:19,362 [INFO] HTTP Request: POST https://lichess.org/api/challenge/GV7EJSX3/accept "HTTP/1.1 200 OK"
2026-03-22 14:28:19,363 [INFO] Accepted: World_Champppppppppp
2026-03-22 14:28:19,365 [INFO] Game starting: GV7EJSX3
2026-03-22 14:28:21,185 [INFO] Engine started
2026-03-22 14:28:22,002 [INFO] HTTP Request: GET https://lichess.org/api/bot/game/stream/GV7EJSX3 "HTTP/1.1 200 OK"
2026-03-22 14:28:22,853 [INFO] HTTP Request: GET https://lichess.org/api/account "HTTP/1.1 200 OK"
2026-03-22 14:28:22,855 [INFO] Playing as Black
2026-03-22 14:28:23,029 [INFO] HTTP Request: POST https://lichess.org/api/bot/game/GV7EJSX3/chat "HTTP/1.1 200 OK"
2026-03-22 14:28:23,378 [INFO] Book move: e7e6
2026-03-22 14:28:23,549 [INFO] HTTP Request: POST https://lichess.org/api/bot/game/GV7EJSX3/move/e7e6 "HTTP/1.1 200 OK"
2026-03-22 14:28:23,551 [INFO] Sent: e7e6
2026-03-22 14:28:25,308 [INFO] Out of book
2026-03-22 14:28:25,483 [INFO] HTTP Request: POST https://lichess.org/api/bot/game/GV7EJSX3/chat "HTTP/1.1 200 OK"
2026-03-22 14:28:25,491 [INFO] Stockfish depth 3: d7d5
2026-03-22 14:28:25,874 [INFO] HTTP Request: POST https://lichess.org/api/bot/game/GV7EJSX3/move/d7d5 "HTTP/1.1 200 OK"
2026-03-22 14:28:25,875 [INFO] Sent: d7d5
2026-03-22 14:28:27,994 [INFO] CPL: 26.0 | Avg: 26.0 | n=1
2026-03-22 14:28:27,998 [INFO] Stockfish depth 3: d5d4
2026-03-22 14:28:28,213 [INFO] HTTP Request: POST https://lichess.org/api/bot/game/GV7EJSX3/move/d5d4 "HTTP/1.1 200 OK"
2026-03-22 14:28:28,214 [INFO] Sent: d5d4
2026-03-22 14:28:29,635 [INFO] CPL: 0.0 | Avg: 13.0 | n=2
2026-03-22 14:28:29,638 [INFO] Stockfish depth 3: c7c5
2026-03-22 14:28:29,945 [INFO] HTTP Request: POST https://lichess.org/api/bot/game/GV7EJSX3/move/c7c5 "HTTP/1.1 200 OK"
2026-03-22 14:28:29,945 [INFO] Sent: c7c5
2026-03-22 14:28:31,525 [INFO] CPL: 120.0 | Avg: 48.7 | n=3
2026-03-22 14:28:31,525 [INFO] Avg CPL=48.7 -> depth 3
2026-03-22 14:28:31,526 [INFO] Stockfish depth 3: d4d3
2026-03-22 14:28:31,906 [INFO] HTTP Request: POST https://lichess.org/api/bot/game/GV7EJSX3/move/d4d3 "HTTP/1.1 200 OK"
2026-03-22 14:28:31,906 [INFO] Sent: d4d3
2026-03-22 14:28:33,954 [INFO] CPL: 0.0 | Avg: 36.5 | n=4
2026-03-22 14:28:33,955 [INFO] Avg CPL=36.5 -> depth 3
2026-03-22 14:28:33,957 [INFO] Stockfish depth 3: b8c6
2026-03-22 14:28:34,142 [INFO] HTTP Request: POST https://lichess.org/api/bot/game/GV7EJSX3/move/b8c6 "HTTP/1.1 200 OK"
2026-03-22 14:28:34,143 [INFO] Sent: b8c6
2026-03-22 14:28:37,176 [INFO] CPL: 44.0 | Avg: 38.0 | n=5
2026-03-22 14:28:37,176 [INFO] Avg CPL=38.0 -> depth 3
2026-03-22 14:28:37,179 [INFO] Stockfish depth 3: c5c4
2026-03-22 14:28:37,461 [INFO] HTTP Request: POST https://lichess.org/api/bot/game/GV7EJSX3/move/c5c4 "HTTP/1.1 200 OK"
2026-03-22 14:28:37,462 [INFO] Sent: c5c4
2026-03-22 14:28:39,086 [INFO] CPL: 24.0 | Avg: 35.7 | n=6
2026-03-22 14:28:39,087 [INFO] Avg CPL=35.7 -> depth 3
2026-03-22 14:28:39,090 [INFO] Stockfish depth 3: b7b5
2026-03-22 14:28:39,360 [INFO] HTTP Request: POST https://lichess.org/api/bot/game/GV7EJSX3/move/b7b5 "HTTP/1.1 200 OK"
2026-03-22 14:28:39,360 [INFO] Sent: b7b5
2026-03-22 14:28:43,646 [INFO] CPL: 17.0 | Avg: 33.0 | n=7
2026-03-22 14:28:43,646 [INFO] Avg CPL=33.0 -> depth 3
2026-03-22 14:28:43,648 [INFO] Stockfish depth 3: d8c7
2026-03-22 14:28:44,105 [INFO] HTTP Request: POST https://lichess.org/api/bot/game/GV7EJSX3/move/d8c7 "HTTP/1.1 200 OK"
2026-03-22 14:28:44,106 [INFO] Sent: d8c7
2026-03-22 14:28:46,362 [INFO] CPL: 2.0 | Avg: 29.1 | n=8
2026-03-22 14:28:46,362 [INFO] Avg CPL=29.1 -> depth 3
2026-03-22 14:28:46,364 [INFO] Stockfish depth 3: c8b7
2026-03-22 14:28:46,565 [INFO] HTTP Request: POST https://lichess.org/api/bot/game/GV7EJSX3/move/c8b7 "HTTP/1.1 200 OK"
2026-03-22 14:28:46,566 [INFO] Sent: c8b7
2026-03-22 14:28:48,398 [INFO] CPL: 188.0 | Avg: 46.8 | n=9
2026-03-22 14:28:48,398 [INFO] Avg CPL=46.8 -> depth 3
2026-03-22 14:28:48,400 [INFO] Stockfish depth 3: c6b4
2026-03-22 14:28:48,690 [INFO] HTTP Request: POST https://lichess.org/api/bot/game/GV7EJSX3/move/c6b4 "HTTP/1.1 200 OK"
2026-03-22 14:28:48,693 [INFO] Sent: c6b4
2026-03-22 14:28:57,669 [INFO] HTTP Request: POST https://lichess.org/api/bot/game/GV7EJSX3/takeback/yes "HTTP/1.1 200 OK"
2026-03-22 14:28:57,840 [INFO] HTTP Request: POST https://lichess.org/api/bot/game/GV7EJSX3/chat "HTTP/1.1 200 OK"
2026-03-22 14:28:59,971 [INFO] HTTP Request: POST https://lichess.org/api/bot/game/GV7EJSX3/takeback/yes "HTTP/1.1 200 OK"
2026-03-22 14:29:00,165 [INFO] HTTP Request: POST https://lichess.org/api/bot/game/GV7EJSX3/chat "HTTP/1.1 200 OK"
2026-03-22 14:29:01,407 [INFO] HTTP Request: POST https://lichess.org/api/bot/game/GV7EJSX3/takeback/yes "HTTP/1.1 200 OK"
2026-03-22 14:29:01,579 [INFO] HTTP Request: POST https://lichess.org/api/bot/game/GV7EJSX3/chat "HTTP/1.1 200 OK"
2026-03-22 14:29:02,747 [INFO] HTTP Request: POST https://lichess.org/api/bot/game/GV7EJSX3/takeback/yes "HTTP/1.1 200 OK"
2026-03-22 14:29:02,917 [INFO] HTTP Request: POST https://lichess.org/api/bot/game/GV7EJSX3/chat "HTTP/1.1 200 OK"
2026-03-22 14:29:04,424 [INFO] HTTP Request: POST https://lichess.org/api/bot/game/GV7EJSX3/takeback/yes "HTTP/1.1 200 OK"
2026-03-22 14:29:04,597 [INFO] HTTP Request: POST https://lichess.org/api/bot/game/GV7EJSX3/chat "HTTP/1.1 200 OK"
2026-03-22 14:29:06,069 [INFO] HTTP Request: POST https://lichess.org/api/bot/game/GV7EJSX3/takeback/yes "HTTP/1.1 200 OK"
2026-03-22 14:29:06,245 [INFO] HTTP Request: POST https://lichess.org/api/bot/game/GV7EJSX3/chat "HTTP/1.1 200 OK"
2026-03-22 14:29:07,387 [INFO] HTTP Request: POST https://lichess.org/api/bot/game/GV7EJSX3/takeback/yes "HTTP/1.1 200 OK"
2026-03-22 14:29:07,560 [INFO] HTTP Request: POST https://lichess.org/api/bot/game/GV7EJSX3/chat "HTTP/1.1 200 OK"
2026-03-22 14:29:12,997 [INFO] CPL: 0.0 | Avg: 42.1 | n=10
2026-03-22 14:29:12,997 [INFO] Avg CPL=42.1 -> depth 3
2026-03-22 14:29:13,000 [INFO] Stockfish depth 3: b8c6
2026-03-22 14:29:13,837 [INFO] HTTP Request: POST https://lichess.org/api/bot/game/GV7EJSX3/move/b8c6 "HTTP/1.1 200 OK"
2026-03-22 14:29:13,838 [INFO] Sent: b8c6
2026-03-22 14:29:16,142 [INFO] CPL: 38.0 | Avg: 41.7 | n=11
2026-03-22 14:29:16,143 [INFO] Avg CPL=41.7 -> depth 3
2026-03-22 14:29:16,144 [INFO] Stockfish depth 3: g8f6
2026-03-22 14:29:16,566 [INFO] HTTP Request: POST https://lichess.org/api/bot/game/GV7EJSX3/move/g8f6 "HTTP/1.1 200 OK"
2026-03-22 14:29:16,567 [INFO] Sent: g8f6
2026-03-22 14:29:20,207 [INFO] CPL: 44.0 | Avg: 41.9 | n=12
2026-03-22 14:29:20,207 [INFO] Avg CPL=41.9 -> depth 3
2026-03-22 14:29:20,210 [INFO] Stockfish depth 3: b7b5
2026-03-22 14:29:20,627 [INFO] HTTP Request: POST https://lichess.org/api/bot/game/GV7EJSX3/move/b7b5 "HTTP/1.1 200 OK"
2026-03-22 14:29:20,628 [INFO] Sent: b7b5
2026-03-22 14:29:23,630 [INFO] CPL: 9.0 | Avg: 39.4 | n=13
2026-03-22 14:29:23,630 [INFO] Avg CPL=39.4 -> depth 3
2026-03-22 14:29:23,633 [INFO] Stockfish depth 3: c8b7
2026-03-22 14:29:23,904 [INFO] HTTP Request: POST https://lichess.org/api/bot/game/GV7EJSX3/move/c8b7 "HTTP/1.1 200 OK"
2026-03-22 14:29:23,905 [INFO] Sent: c8b7
2026-03-22 14:29:25,657 [INFO] CPL: 168.0 | Avg: 48.6 | n=14
2026-03-22 14:29:25,657 [INFO] Avg CPL=48.6 -> depth 3
2026-03-22 14:29:25,660 [INFO] Stockfish depth 3: d4c3
2026-03-22 14:29:25,867 [INFO] HTTP Request: POST https://lichess.org/api/bot/game/GV7EJSX3/move/d4c3 "HTTP/1.1 200 OK"
2026-03-22 14:29:25,868 [INFO] Sent: d4c3
2026-03-22 14:29:28,584 [INFO] CPL: 79.0 | Avg: 50.6 | n=15
2026-03-22 14:29:28,584 [INFO] Avg CPL=50.6 -> depth 3
2026-03-22 14:29:28,586 [INFO] Stockfish depth 3: c5b4
2026-03-22 14:29:28,800 [INFO] HTTP Request: POST https://lichess.org/api/bot/game/GV7EJSX3/move/c5b4 "HTTP/1.1 200 OK"
2026-03-22 14:29:28,802 [INFO] Sent: c5b4
2026-03-22 14:29:30,166 [INFO] CPL: 7.0 | Avg: 47.9 | n=16
2026-03-22 14:29:30,166 [INFO] Avg CPL=47.9 -> depth 3
2026-03-22 14:29:30,169 [INFO] Stockfish depth 3: f8b4
2026-03-22 14:29:30,390 [INFO] HTTP Request: POST https://lichess.org/api/bot/game/GV7EJSX3/move/f8b4 "HTTP/1.1 200 OK"
2026-03-22 14:29:30,390 [INFO] Sent: f8b4
2026-03-22 14:29:32,752 [INFO] CPL: 23.0 | Avg: 46.4 | n=17
2026-03-22 14:29:32,752 [INFO] Avg CPL=46.4 -> depth 3
2026-03-22 14:29:32,754 [INFO] Stockfish depth 3: d8b6
2026-03-22 14:29:33,022 [INFO] HTTP Request: POST https://lichess.org/api/bot/game/GV7EJSX3/move/d8b6 "HTTP/1.1 200 OK"
2026-03-22 14:29:33,023 [INFO] Sent: d8b6
2026-03-22 14:29:38,220 [INFO] CPL: 0.0 | Avg: 43.8 | n=18
2026-03-22 14:29:38,220 [INFO] Avg CPL=43.8 -> depth 3
2026-03-22 14:29:38,223 [INFO] Stockfish depth 3: a7a5
2026-03-22 14:29:39,461 [INFO] HTTP Request: POST https://lichess.org/api/bot/game/GV7EJSX3/move/a7a5 "HTTP/1.1 200 OK"
2026-03-22 14:29:39,462 [INFO] Sent: a7a5
2026-03-22 14:29:41,539 [INFO] CPL: 54.0 | Avg: 44.4 | n=19
2026-03-22 14:29:41,539 [INFO] Avg CPL=44.4 -> depth 3
2026-03-22 14:29:41,542 [INFO] Stockfish depth 3: b4e7
2026-03-22 14:29:41,779 [INFO] HTTP Request: POST https://lichess.org/api/bot/game/GV7EJSX3/move/b4e7 "HTTP/1.1 200 OK"
2026-03-22 14:29:41,780 [INFO] Sent: b4e7
2026-03-22 14:29:43,918 [INFO] CPL: 8.0 | Avg: 42.5 | n=20
2026-03-22 14:29:43,918 [INFO] Avg CPL=42.5 -> depth 3
2026-03-22 14:29:43,921 [INFO] Stockfish depth 3: a5a4
2026-03-22 14:29:44,261 [INFO] HTTP Request: POST https://lichess.org/api/bot/game/GV7EJSX3/move/a5a4 "HTTP/1.1 200 OK"
2026-03-22 14:29:44,264 [INFO] Sent: a5a4
2026-03-22 14:29:46,045 [INFO] CPL: 127.0 | Avg: 46.6 | n=21
2026-03-22 14:29:46,046 [INFO] Avg CPL=46.6 -> depth 3
2026-03-22 14:29:46,048 [INFO] Stockfish depth 3: e8g8
2026-03-22 14:29:46,254 [INFO] HTTP Request: POST https://lichess.org/api/bot/game/GV7EJSX3/move/e8g8 "HTTP/1.1 200 OK"
2026-03-22 14:29:46,255 [INFO] Sent: e8g8
2026-03-22 14:29:49,680 [INFO] CPL: 2.0 | Avg: 44.5 | n=22
2026-03-22 14:29:49,680 [INFO] Avg CPL=44.5 -> depth 3
2026-03-22 14:29:49,682 [INFO] Stockfish depth 3: f8c8
2026-03-22 14:29:50,018 [INFO] HTTP Request: POST https://lichess.org/api/bot/game/GV7EJSX3/move/f8c8 "HTTP/1.1 200 OK"
2026-03-22 14:29:50,019 [INFO] Sent: f8c8
2026-03-22 14:29:51,782 [INFO] CPL: 19.0 | Avg: 43.4 | n=23
2026-03-22 14:29:51,782 [INFO] Avg CPL=43.4 -> depth 3
2026-03-22 14:29:51,785 [INFO] Stockfish depth 3: b5b4
2026-03-22 14:29:51,982 [INFO] HTTP Request: POST https://lichess.org/api/bot/game/GV7EJSX3/move/b5b4 "HTTP/1.1 200 OK"
2026-03-22 14:29:51,983 [INFO] Sent: b5b4
2026-03-22 14:29:53,510 [INFO] CPL: 43.0 | Avg: 43.4 | n=24
2026-03-22 14:29:53,511 [INFO] Avg CPL=43.4 -> depth 3
2026-03-22 14:29:53,517 [INFO] Stockfish depth 3: a4a3
2026-03-22 14:29:53,708 [INFO] HTTP Request: POST https://lichess.org/api/bot/game/GV7EJSX3/move/a4a3 "HTTP/1.1 200 OK"
2026-03-22 14:29:53,710 [INFO] Sent: a4a3
2026-03-22 14:29:55,052 [INFO] CPL: 78.0 | Avg: 44.8 | n=25
2026-03-22 14:29:55,052 [INFO] Avg CPL=44.8 -> depth 3
2026-03-22 14:29:55,055 [INFO] Stockfish depth 3: b4b3
2026-03-22 14:29:55,247 [INFO] HTTP Request: POST https://lichess.org/api/bot/game/GV7EJSX3/move/b4b3 "HTTP/1.1 200 OK"
2026-03-22 14:29:55,249 [INFO] Sent: b4b3
2026-03-22 14:29:58,060 [INFO] Game finished: GV7EJSX3 | Active: 2
2026-03-22 14:33:29,135 [INFO] HTTP Request: GET https://lichess.org/api/account "HTTP/1.1 200 OK"
2026-03-22 14:33:29,138 [INFO] Logged in as: Inappropriate_BOT
2026-03-22 14:33:29,139 [INFO] OpeningTrainer is ONLINE
2026-03-22 14:33:29,139 [INFO] Listening for events...
2026-03-22 14:33:30,217 [INFO] HTTP Request: GET https://lichess.org/api/stream/event "HTTP/1.1 200 OK"
2026-03-22 14:33:30,218 [INFO] Game starting: jkxTgzEf
2026-03-22 14:33:30,218 [INFO] Game starting: DvU2wizz
2026-03-22 14:33:31,713 [INFO] Engine started
2026-03-22 14:33:32,487 [INFO] HTTP Request: GET https://lichess.org/api/bot/game/stream/jkxTgzEf "HTTP/1.1 200 OK"
2026-03-22 14:33:32,816 [INFO] Engine started
2026-03-22 14:33:33,359 [INFO] HTTP Request: GET https://lichess.org/api/account "HTTP/1.1 200 OK"
2026-03-22 14:33:33,361 [INFO] Playing as Black
2026-03-22 14:33:33,534 [INFO] HTTP Request: POST https://lichess.org/api/bot/game/jkxTgzEf/chat "HTTP/1.1 200 OK"
2026-03-22 14:33:33,638 [INFO] HTTP Request: GET https://lichess.org/api/bot/game/stream/DvU2wizz "HTTP/1.1 200 OK"
2026-03-22 14:33:34,399 [INFO] HTTP Request: GET https://lichess.org/api/account "HTTP/1.1 200 OK"
2026-03-22 14:33:34,401 [INFO] Playing as Black
2026-03-22 14:33:34,570 [INFO] HTTP Request: POST https://lichess.org/api/bot/game/DvU2wizz/chat "HTTP/1.1 200 OK"
2026-03-22 14:33:50,784 [INFO] Challenge: World_Champppppppppp | chess960 | correspondence | rated=False
2026-03-22 14:33:52,375 [INFO] HTTP Request: POST https://lichess.org/api/challenge/YDjm3to1/accept "HTTP/1.1 200 OK"
2026-03-22 14:33:52,377 [INFO] Accepted: World_Champppppppppp
2026-03-22 14:33:52,379 [INFO] Game starting: YDjm3to1
2026-03-22 14:33:56,315 [INFO] Engine started
2026-03-22 14:33:57,071 [INFO] HTTP Request: GET https://lichess.org/api/bot/game/stream/YDjm3to1 "HTTP/1.1 200 OK"
2026-03-22 14:33:57,840 [INFO] HTTP Request: GET https://lichess.org/api/account "HTTP/1.1 200 OK"
2026-03-22 14:33:57,841 [INFO] Playing as Black
2026-03-22 14:33:58,014 [INFO] HTTP Request: POST https://lichess.org/api/bot/game/YDjm3to1/chat "HTTP/1.1 200 OK"
2026-03-22 14:33:58,060 [INFO] Book move: c7c5
2026-03-22 14:33:58,233 [INFO] HTTP Request: POST https://lichess.org/api/bot/game/YDjm3to1/move/c7c5 "HTTP/1.1 200 OK"
2026-03-22 14:33:58,233 [INFO] Sent: c7c5
2026-03-22 14:34:00,313 [INFO] Out of book
2026-03-22 14:34:00,487 [INFO] HTTP Request: POST https://lichess.org/api/bot/game/YDjm3to1/chat "HTTP/1.1 200 OK"
2026-03-22 14:34:00,489 [ERROR] Stockfish error: expected value for option 'UCI_Elo' to be at least 1320, got: 800
2026-03-22 14:34:00,489 [ERROR] Illegal/null move: None
2026-03-22 14:36:18,693 [ERROR] Stockfish error: expected value for option 'UCI_Elo' to be at least 1320, got: 800
2026-03-22 14:36:18,693 [ERROR] Illegal/null move: None
2026-03-22 14:36:19,548 [INFO] HTTP Request: POST https://lichess.org/api/bot/game/YDjm3to1/draw/yes "HTTP/1.1 200 OK"
2026-03-22 14:36:19,565 [INFO] Game finished: YDjm3to1 | Active: 2
2026-03-22 14:36:21,561 [INFO] Challenge: World_Champppppppppp | chess960 | correspondence | rated=False
2026-03-22 14:36:22,726 [INFO] HTTP Request: POST https://lichess.org/api/challenge/B7bgGh8d/accept "HTTP/1.1 200 OK"
2026-03-22 14:36:22,727 [INFO] Accepted: World_Champppppppppp
2026-03-22 14:36:22,838 [INFO] Game starting: B7bgGh8d
2026-03-22 14:36:25,797 [INFO] Engine started
2026-03-22 14:36:26,592 [INFO] HTTP Request: GET https://lichess.org/api/bot/game/stream/B7bgGh8d "HTTP/1.1 200 OK"
2026-03-22 14:36:27,351 [INFO] HTTP Request: GET https://lichess.org/api/account "HTTP/1.1 200 OK"
2026-03-22 14:36:27,352 [INFO] Playing as White
2026-03-22 14:36:27,534 [INFO] HTTP Request: POST https://lichess.org/api/bot/game/B7bgGh8d/chat "HTTP/1.1 200 OK"
2026-03-22 14:36:27,537 [INFO] Book move: e2e4
2026-03-22 14:36:27,702 [INFO] HTTP Request: POST https://lichess.org/api/bot/game/B7bgGh8d/move/e2e4 "HTTP/1.1 200 OK"
2026-03-22 14:36:27,704 [INFO] Sent: e2e4
2026-03-22 14:36:52,107 [INFO] Book move: e4d5
2026-03-22 14:36:52,859 [INFO] HTTP Request: POST https://lichess.org/api/bot/game/B7bgGh8d/move/e4d5 "HTTP/1.1 200 OK"
2026-03-22 14:36:52,860 [INFO] Sent: e4d5
2026-03-22 14:36:54,771 [INFO] Out of book
2026-03-22 14:36:54,936 [INFO] HTTP Request: POST https://lichess.org/api/bot/game/B7bgGh8d/chat "HTTP/1.1 200 OK"
2026-03-22 14:36:54,940 [ERROR] Stockfish error: expected value for option 'UCI_Elo' to be at least 1320, got: 800
2026-03-22 14:36:54,941 [ERROR] Illegal/null move: None
2026-03-22 14:41:11,732 [INFO] Game finished: B7bgGh8d | Active: 2
2026-03-22 14:41:26,460 [INFO] Challenge: World_Champppppppppp | threeCheck | correspondence | rated=False
2026-03-22 14:41:27,858 [INFO] HTTP Request: POST https://lichess.org/api/challenge/aHJnyhwJ/accept "HTTP/1.1 200 OK"
2026-03-22 14:41:27,860 [INFO] Accepted: World_Champppppppppp
2026-03-22 14:41:27,861 [INFO] Game starting: aHJnyhwJ
2026-03-22 14:41:32,572 [INFO] Engine started
2026-03-22 14:41:33,335 [INFO] HTTP Request: GET https://lichess.org/api/bot/game/stream/aHJnyhwJ "HTTP/1.1 200 OK"
2026-03-22 14:41:34,116 [INFO] HTTP Request: GET https://lichess.org/api/account "HTTP/1.1 200 OK"
2026-03-22 14:41:34,134 [INFO] Playing as Black
2026-03-22 14:41:34,307 [INFO] HTTP Request: POST https://lichess.org/api/bot/game/aHJnyhwJ/chat "HTTP/1.1 200 OK"
2026-03-22 14:41:34,309 [INFO] Book move: e7e5
2026-03-22 14:41:34,475 [INFO] HTTP Request: POST https://lichess.org/api/bot/game/aHJnyhwJ/move/e7e5 "HTTP/1.1 200 OK"
2026-03-22 14:41:34,478 [INFO] Sent: e7e5
2026-03-22 14:41:37,051 [INFO] Book move: g8f6
2026-03-22 14:41:37,218 [INFO] HTTP Request: POST https://lichess.org/api/bot/game/aHJnyhwJ/move/g8f6 "HTTP/1.1 200 OK"
2026-03-22 14:41:37,222 [INFO] Sent: g8f6
2026-03-22 14:41:39,834 [INFO] Out of book
2026-03-22 14:41:39,998 [INFO] HTTP Request: POST https://lichess.org/api/bot/game/aHJnyhwJ/chat "HTTP/1.1 200 OK"
2026-03-22 14:41:39,999 [ERROR] Stockfish error: expected value for option 'UCI_Elo' to be at least 1320, got: 800
2026-03-22 14:41:39,999 [ERROR] Illegal/null move: None
2026-03-22 14:45:07,353 [INFO] HTTP Request: GET https://lichess.org/api/account "HTTP/1.1 200 OK"
2026-03-22 14:45:07,353 [INFO] Logged in as: Inappropriate_BOT
2026-03-22 14:45:07,353 [INFO] OpeningTrainer is ONLINE
2026-03-22 14:45:07,353 [INFO] Listening for events...
2026-03-22 14:45:08,646 [INFO] HTTP Request: GET https://lichess.org/api/stream/event "HTTP/1.1 200 OK"
2026-03-22 14:45:08,746 [INFO] Game starting: aHJnyhwJ
2026-03-22 14:45:08,853 [INFO] Game starting: jkxTgzEf
2026-03-22 14:45:08,930 [INFO] Game starting: DvU2wizz
2026-03-22 14:45:10,034 [ERROR] Game aHJnyhwJ error: 'GameHandler' object has no attribute '_start_engine'
Traceback (most recent call last):
  File "C:\Users\Aarav\OneDrive\Documents\Codes\pythonCodes\Chess\Lichess Bot\bot.py", line 109, in _run_game
    await GameHandler(game_id, self.token).run()
  File "C:\Users\Aarav\OneDrive\Documents\Codes\pythonCodes\Chess\Lichess Bot\game_handler.py", line 31, in run
    await self._start_engine()
          ^^^^^^^^^^^^^^^^^^
AttributeError: 'GameHandler' object has no attribute '_start_engine'
2026-03-22 14:45:10,500 [ERROR] Game jkxTgzEf error: 'GameHandler' object has no attribute '_start_engine'
Traceback (most recent call last):
  File "C:\Users\Aarav\OneDrive\Documents\Codes\pythonCodes\Chess\Lichess Bot\bot.py", line 109, in _run_game
    await GameHandler(game_id, self.token).run()
  File "C:\Users\Aarav\OneDrive\Documents\Codes\pythonCodes\Chess\Lichess Bot\game_handler.py", line 31, in run
    await self._start_engine()
          ^^^^^^^^^^^^^^^^^^
AttributeError: 'GameHandler' object has no attribute '_start_engine'
2026-03-22 14:45:10,751 [INFO] HTTP Request: GET https://lichess.org/api/stream/event "HTTP/1.1 200 OK"
2026-03-22 14:45:10,950 [ERROR] Game DvU2wizz error: 'GameHandler' object has no attribute '_start_engine'
Traceback (most recent call last):
  File "C:\Users\Aarav\OneDrive\Documents\Codes\pythonCodes\Chess\Lichess Bot\bot.py", line 109, in _run_game
    await GameHandler(game_id, self.token).run()
  File "C:\Users\Aarav\OneDrive\Documents\Codes\pythonCodes\Chess\Lichess Bot\game_handler.py", line 31, in run
    await self._start_engine()
          ^^^^^^^^^^^^^^^^^^
AttributeError: 'GameHandler' object has no attribute '_start_engine'
2026-03-22 14:45:12,019 [INFO] HTTP Request: GET https://lichess.org/api/stream/event "HTTP/1.1 200 OK"
2026-03-22 14:45:13,879 [INFO] HTTP Request: GET https://lichess.org/api/stream/event "HTTP/1.1 200 OK"
2026-03-22 14:45:14,707 [INFO] HTTP Request: GET https://lichess.org/api/stream/event "HTTP/1.1 200 OK"
2026-03-22 14:45:15,859 [INFO] HTTP Request: GET https://lichess.org/api/stream/event "HTTP/1.1 200 OK"
2026-03-22 14:45:17,024 [INFO] HTTP Request: GET https://lichess.org/api/stream/event "HTTP/1.1 200 OK"
2026-03-22 14:45:18,261 [INFO] HTTP Request: GET https://lichess.org/api/stream/event "HTTP/1.1 200 OK"
2026-03-22 14:45:19,571 [INFO] HTTP Request: GET https://lichess.org/api/stream/event "HTTP/1.1 200 OK"
2026-03-22 14:45:21,336 [INFO] HTTP Request: GET https://lichess.org/api/stream/event "HTTP/1.1 200 OK"
2026-03-22 14:45:22,551 [INFO] HTTP Request: GET https://lichess.org/api/stream/event "HTTP/1.1 200 OK"
2026-03-22 14:45:24,214 [INFO] HTTP Request: GET https://lichess.org/api/stream/event "HTTP/1.1 200 OK"
2026-03-22 14:45:26,441 [INFO] HTTP Request: GET https://lichess.org/api/stream/event "HTTP/1.1 200 OK"
2026-03-22 14:45:27,853 [INFO] HTTP Request: GET https://lichess.org/api/stream/event "HTTP/1.1 200 OK"
2026-03-22 14:45:29,027 [INFO] HTTP Request: GET https://lichess.org/api/stream/event "HTTP/1.1 200 OK"
2026-03-22 14:45:30,264 [INFO] HTTP Request: GET https://lichess.org/api/stream/event "HTTP/1.1 200 OK"
2026-03-22 14:45:30,701 [INFO] Challenge: World_Champppppppppp | kingOfTheHill | correspondence | rated=False
2026-03-22 14:45:31,461 [INFO] HTTP Request: GET https://lichess.org/api/stream/event "HTTP/1.1 200 OK"
2026-03-22 14:45:31,465 [INFO] Challenge: World_Champppppppppp | kingOfTheHill | correspondence | rated=False
2026-03-22 14:45:32,022 [INFO] HTTP Request: POST https://lichess.org/api/challenge/v7QDQRQu/accept "HTTP/1.1 200 OK"
2026-03-22 14:45:32,025 [INFO] Accepted: World_Champppppppppp
2026-03-22 14:45:33,293 [INFO] HTTP Request: POST https://lichess.org/api/challenge/v7QDQRQu/accept "HTTP/1.1 404 Not Found"
2026-03-22 14:45:33,305 [INFO] Accepted: World_Champppppppppp
2026-03-22 14:45:33,320 [INFO] Game starting: v7QDQRQu
2026-03-22 14:45:33,645 [INFO] HTTP Request: GET https://lichess.org/api/stream/event "HTTP/1.1 200 OK"
2026-03-22 14:45:33,677 [INFO] Game starting: v7QDQRQu
2026-03-22 14:45:35,647 [ERROR] Game v7QDQRQu error: 'GameHandler' object has no attribute '_start_engine'
Traceback (most recent call last):
  File "C:\Users\Aarav\OneDrive\Documents\Codes\pythonCodes\Chess\Lichess Bot\bot.py", line 109, in _run_game
    await GameHandler(game_id, self.token).run()
  File "C:\Users\Aarav\OneDrive\Documents\Codes\pythonCodes\Chess\Lichess Bot\game_handler.py", line 31, in run
    await self._start_engine()
          ^^^^^^^^^^^^^^^^^^
AttributeError: 'GameHandler' object has no attribute '_start_engine'
2026-03-22 14:45:38,569 [INFO] HTTP Request: GET https://lichess.org/api/stream/event "HTTP/1.1 200 OK"
2026-03-22 14:45:39,309 [INFO] Engine started
2026-03-22 14:45:40,071 [INFO] HTTP Request: GET https://lichess.org/api/bot/game/stream/v7QDQRQu "HTTP/1.1 200 OK"
2026-03-22 14:45:40,076 [INFO] HTTP Request: GET https://lichess.org/api/stream/event "HTTP/1.1 200 OK"
2026-03-22 14:45:40,878 [INFO] HTTP Request: GET https://lichess.org/api/account "HTTP/1.1 200 OK"
2026-03-22 14:45:40,905 [INFO] Playing as Black
2026-03-22 14:45:41,117 [INFO] HTTP Request: POST https://lichess.org/api/bot/game/v7QDQRQu/chat "HTTP/1.1 200 OK"
2026-03-22 14:45:41,258 [INFO] Book move: c7c5
2026-03-22 14:45:41,423 [INFO] HTTP Request: POST https://lichess.org/api/bot/game/v7QDQRQu/move/c7c5 "HTTP/1.1 200 OK"
2026-03-22 14:45:41,425 [INFO] Sent: c7c5
2026-03-22 14:45:41,516 [INFO] HTTP Request: GET https://lichess.org/api/stream/event "HTTP/1.1 200 OK"
2026-03-22 14:45:44,290 [INFO] HTTP Request: GET https://lichess.org/api/stream/event "HTTP/1.1 200 OK"
2026-03-22 14:45:45,454 [INFO] HTTP Request: GET https://lichess.org/api/stream/event "HTTP/1.1 200 OK"
2026-03-22 14:45:46,342 [INFO] Out of book
2026-03-22 14:45:46,513 [INFO] HTTP Request: POST https://lichess.org/api/bot/game/v7QDQRQu/chat "HTTP/1.1 200 OK"
2026-03-22 14:45:46,515 [ERROR] Stockfish error: expected value for option 'UCI_Elo' to be at least 1320, got: 800
2026-03-22 14:45:46,515 [ERROR] Illegal/null move: None
2026-03-22 14:45:47,267 [INFO] HTTP Request: GET https://lichess.org/api/stream/event "HTTP/1.1 200 OK"
2026-03-22 14:45:48,803 [INFO] HTTP Request: GET https://lichess.org/api/stream/event "HTTP/1.1 200 OK"
2026-03-22 14:45:50,081 [INFO] HTTP Request: GET https://lichess.org/api/stream/event "HTTP/1.1 200 OK"
2026-03-22 14:45:51,272 [INFO] HTTP Request: GET https://lichess.org/api/stream/event "HTTP/1.1 200 OK"
2026-03-22 14:45:52,442 [INFO] HTTP Request: GET https://lichess.org/api/stream/event "HTTP/1.1 429 Too Many Requests"
2026-03-22 14:45:52,446 [ERROR] Stream dropped: Client error '429 Too Many Requests' for url 'https://lichess.org/api/stream/event'
For more information check: https://developer.mozilla.org/en-US/docs/Web/HTTP/Status/429 - retry in 1s
2026-03-22 14:45:54,894 [INFO] HTTP Request: GET https://lichess.org/api/stream/event "HTTP/1.1 200 OK"
2026-03-22 14:45:56,039 [INFO] HTTP Request: GET https://lichess.org/api/stream/event "HTTP/1.1 200 OK"
2026-03-22 14:45:57,792 [INFO] HTTP Request: GET https://lichess.org/api/stream/event "HTTP/1.1 200 OK"
2026-03-22 14:45:58,964 [INFO] HTTP Request: GET https://lichess.org/api/stream/event "HTTP/1.1 429 Too Many Requests"
2026-03-22 14:45:58,965 [ERROR] Stream dropped: Client error '429 Too Many Requests' for url 'https://lichess.org/api/stream/event'
For more information check: https://developer.mozilla.org/en-US/docs/Web/HTTP/Status/429 - retry in 1s
2026-03-22 14:46:01,268 [INFO] HTTP Request: GET https://lichess.org/api/stream/event "HTTP/1.1 429 Too Many Requests"
2026-03-22 14:46:01,269 [ERROR] Stream dropped: Client error '429 Too Many Requests' for url 'https://lichess.org/api/stream/event'
For more information check: https://developer.mozilla.org/en-US/docs/Web/HTTP/Status/429 - retry in 2s
2026-03-22 14:46:04,485 [INFO] HTTP Request: GET https://lichess.org/api/stream/event "HTTP/1.1 429 Too Many Requests"
2026-03-22 14:46:04,486 [ERROR] Stream dropped: Client error '429 Too Many Requests' for url 'https://lichess.org/api/stream/event'
For more information check: https://developer.mozilla.org/en-US/docs/Web/HTTP/Status/429 - retry in 4s
2026-03-22 14:46:10,805 [INFO] HTTP Request: GET https://lichess.org/api/stream/event "HTTP/1.1 429 Too Many Requests"
2026-03-22 14:46:10,836 [ERROR] Stream dropped: Client error '429 Too Many Requests' for url 'https://lichess.org/api/stream/event'
For more information check: https://developer.mozilla.org/en-US/docs/Web/HTTP/Status/429 - retry in 8s
2026-03-22 19:35:55,375 [INFO] HTTP Request: GET https://lichess.org/api/stream/event "HTTP/1.1 200 OK"
2026-03-22 19:36:40,574 [ERROR] Game aHJnyhwJ error: 
Traceback (most recent call last):
  File "C:\Users\Aarav\AppData\Local\Programs\Python\Python311\Lib\site-packages\httpx\_transports\default.py", line 101, in map_httpcore_exceptions
    yield
  File "C:\Users\Aarav\AppData\Local\Programs\Python\Python311\Lib\site-packages\httpx\_transports\default.py", line 271, in __aiter__
    async for part in self._httpcore_stream:
  File "C:\Users\Aarav\AppData\Local\Programs\Python\Python311\Lib\site-packages\httpcore\_async\connection_pool.py", line 407, in __aiter__
    raise exc from None
  File "C:\Users\Aarav\AppData\Local\Programs\Python\Python311\Lib\site-packages\httpcore\_async\connection_pool.py", line 403, in __aiter__
    async for part in self._stream:
  File "C:\Users\Aarav\AppData\Local\Programs\Python\Python311\Lib\site-packages\httpcore\_async\http11.py", line 342, in __aiter__
    raise exc
  File "C:\Users\Aarav\AppData\Local\Programs\Python\Python311\Lib\site-packages\httpcore\_async\http11.py", line 334, in __aiter__
    async for chunk in self._connection._receive_response_body(**kwargs):
  File "C:\Users\Aarav\AppData\Local\Programs\Python\Python311\Lib\site-packages\httpcore\_async\http11.py", line 203, in _receive_response_body
    event = await self._receive_event(timeout=timeout)
            ^^^^^^^^^^^^^^^^^^^^^^^^^^^^^^^^^^^^^^^^^^
  File "C:\Users\Aarav\AppData\Local\Programs\Python\Python311\Lib\site-packages\httpcore\_async\http11.py", line 217, in _receive_event
    data = await self._network_stream.read(
           ^^^^^^^^^^^^^^^^^^^^^^^^^^^^^^^^
  File "C:\Users\Aarav\AppData\Local\Programs\Python\Python311\Lib\site-packages\httpcore\_backends\anyio.py", line 32, in read
    with map_exceptions(exc_map):
  File "C:\Users\Aarav\AppData\Local\Programs\Python\Python311\Lib\contextlib.py", line 158, in __exit__
    self.gen.throw(typ, value, traceback)
  File "C:\Users\Aarav\AppData\Local\Programs\Python\Python311\Lib\site-packages\httpcore\_exceptions.py", line 14, in map_exceptions
    raise to_exc(exc) from exc
httpcore.ReadTimeout

The above exception was the direct cause of the following exception:

Traceback (most recent call last):
  File "C:\Users\Aarav\OneDrive\Documents\Codes\pythonCodes\Chess\Lichess Bot\bot.py", line 109, in _run_game
    await GameHandler(game_id, self.token).run()
  File "C:\Users\Aarav\OneDrive\Documents\Codes\pythonCodes\Chess\Lichess Bot\game_handler.py", line 34, in run
    async for line in resp.aiter_lines():
  File "C:\Users\Aarav\AppData\Local\Programs\Python\Python311\Lib\site-packages\httpx\_models.py", line 1031, in aiter_lines
    async for text in self.aiter_text():
  File "C:\Users\Aarav\AppData\Local\Programs\Python\Python311\Lib\site-packages\httpx\_models.py", line 1018, in aiter_text
    async for byte_content in self.aiter_bytes():
  File "C:\Users\Aarav\AppData\Local\Programs\Python\Python311\Lib\site-packages\httpx\_models.py", line 997, in aiter_bytes
    async for raw_bytes in self.aiter_raw():
  File "C:\Users\Aarav\AppData\Local\Programs\Python\Python311\Lib\site-packages\httpx\_models.py", line 1055, in aiter_raw
    async for raw_stream_bytes in self.stream:
  File "C:\Users\Aarav\AppData\Local\Programs\Python\Python311\Lib\site-packages\httpx\_client.py", line 176, in __aiter__
    async for chunk in self._stream:
  File "C:\Users\Aarav\AppData\Local\Programs\Python\Python311\Lib\site-packages\httpx\_transports\default.py", line 270, in __aiter__
    with map_httpcore_exceptions():
  File "C:\Users\Aarav\AppData\Local\Programs\Python\Python311\Lib\contextlib.py", line 158, in __exit__
    self.gen.throw(typ, value, traceback)
  File "C:\Users\Aarav\AppData\Local\Programs\Python\Python311\Lib\site-packages\httpx\_transports\default.py", line 118, in map_httpcore_exceptions
    raise mapped_exc(message) from exc
httpx.ReadTimeout
2026-03-22 19:36:40,695 [ERROR] Game v7QDQRQu error: 
Traceback (most recent call last):
  File "C:\Users\Aarav\AppData\Local\Programs\Python\Python311\Lib\site-packages\httpx\_transports\default.py", line 101, in map_httpcore_exceptions
    yield
  File "C:\Users\Aarav\AppData\Local\Programs\Python\Python311\Lib\site-packages\httpx\_transports\default.py", line 271, in __aiter__
    async for part in self._httpcore_stream:
  File "C:\Users\Aarav\AppData\Local\Programs\Python\Python311\Lib\site-packages\httpcore\_async\connection_pool.py", line 407, in __aiter__
    raise exc from None
  File "C:\Users\Aarav\AppData\Local\Programs\Python\Python311\Lib\site-packages\httpcore\_async\connection_pool.py", line 403, in __aiter__
    async for part in self._stream:
  File "C:\Users\Aarav\AppData\Local\Programs\Python\Python311\Lib\site-packages\httpcore\_async\http11.py", line 342, in __aiter__
    raise exc
  File "C:\Users\Aarav\AppData\Local\Programs\Python\Python311\Lib\site-packages\httpcore\_async\http11.py", line 334, in __aiter__
    async for chunk in self._connection._receive_response_body(**kwargs):
  File "C:\Users\Aarav\AppData\Local\Programs\Python\Python311\Lib\site-packages\httpcore\_async\http11.py", line 203, in _receive_response_body
    event = await self._receive_event(timeout=timeout)
            ^^^^^^^^^^^^^^^^^^^^^^^^^^^^^^^^^^^^^^^^^^
  File "C:\Users\Aarav\AppData\Local\Programs\Python\Python311\Lib\site-packages\httpcore\_async\http11.py", line 217, in _receive_event
    data = await self._network_stream.read(
           ^^^^^^^^^^^^^^^^^^^^^^^^^^^^^^^^
  File "C:\Users\Aarav\AppData\Local\Programs\Python\Python311\Lib\site-packages\httpcore\_backends\anyio.py", line 32, in read
    with map_exceptions(exc_map):
  File "C:\Users\Aarav\AppData\Local\Programs\Python\Python311\Lib\contextlib.py", line 158, in __exit__
    self.gen.throw(typ, value, traceback)
  File "C:\Users\Aarav\AppData\Local\Programs\Python\Python311\Lib\site-packages\httpcore\_exceptions.py", line 14, in map_exceptions
    raise to_exc(exc) from exc
httpcore.ReadTimeout

The above exception was the direct cause of the following exception:

Traceback (most recent call last):
  File "C:\Users\Aarav\OneDrive\Documents\Codes\pythonCodes\Chess\Lichess Bot\bot.py", line 109, in _run_game
    await GameHandler(game_id, self.token).run()
  File "C:\Users\Aarav\OneDrive\Documents\Codes\pythonCodes\Chess\Lichess Bot\game_handler.py", line 34, in run
    async for line in resp.aiter_lines():
  File "C:\Users\Aarav\AppData\Local\Programs\Python\Python311\Lib\site-packages\httpx\_models.py", line 1031, in aiter_lines
    async for text in self.aiter_text():
  File "C:\Users\Aarav\AppData\Local\Programs\Python\Python311\Lib\site-packages\httpx\_models.py", line 1018, in aiter_text
    async for byte_content in self.aiter_bytes():
  File "C:\Users\Aarav\AppData\Local\Programs\Python\Python311\Lib\site-packages\httpx\_models.py", line 997, in aiter_bytes
    async for raw_bytes in self.aiter_raw():
  File "C:\Users\Aarav\AppData\Local\Programs\Python\Python311\Lib\site-packages\httpx\_models.py", line 1055, in aiter_raw
    async for raw_stream_bytes in self.stream:
  File "C:\Users\Aarav\AppData\Local\Programs\Python\Python311\Lib\site-packages\httpx\_client.py", line 176, in __aiter__
    async for chunk in self._stream:
  File "C:\Users\Aarav\AppData\Local\Programs\Python\Python311\Lib\site-packages\httpx\_transports\default.py", line 270, in __aiter__
    with map_httpcore_exceptions():
  File "C:\Users\Aarav\AppData\Local\Programs\Python\Python311\Lib\contextlib.py", line 158, in __exit__
    self.gen.throw(typ, value, traceback)
  File "C:\Users\Aarav\AppData\Local\Programs\Python\Python311\Lib\site-packages\httpx\_transports\default.py", line 118, in map_httpcore_exceptions
    raise mapped_exc(message) from exc
httpx.ReadTimeout
2026-03-22 19:36:40,744 [ERROR] Game jkxTgzEf error: 
Traceback (most recent call last):
  File "C:\Users\Aarav\AppData\Local\Programs\Python\Python311\Lib\site-packages\httpx\_transports\default.py", line 101, in map_httpcore_exceptions
    yield
  File "C:\Users\Aarav\AppData\Local\Programs\Python\Python311\Lib\site-packages\httpx\_transports\default.py", line 271, in __aiter__
    async for part in self._httpcore_stream:
  File "C:\Users\Aarav\AppData\Local\Programs\Python\Python311\Lib\site-packages\httpcore\_async\connection_pool.py", line 407, in __aiter__
    raise exc from None
  File "C:\Users\Aarav\AppData\Local\Programs\Python\Python311\Lib\site-packages\httpcore\_async\connection_pool.py", line 403, in __aiter__
    async for part in self._stream:
  File "C:\Users\Aarav\AppData\Local\Programs\Python\Python311\Lib\site-packages\httpcore\_async\http11.py", line 342, in __aiter__
    raise exc
  File "C:\Users\Aarav\AppData\Local\Programs\Python\Python311\Lib\site-packages\httpcore\_async\http11.py", line 334, in __aiter__
    async for chunk in self._connection._receive_response_body(**kwargs):
  File "C:\Users\Aarav\AppData\Local\Programs\Python\Python311\Lib\site-packages\httpcore\_async\http11.py", line 203, in _receive_response_body
    event = await self._receive_event(timeout=timeout)
            ^^^^^^^^^^^^^^^^^^^^^^^^^^^^^^^^^^^^^^^^^^
  File "C:\Users\Aarav\AppData\Local\Programs\Python\Python311\Lib\site-packages\httpcore\_async\http11.py", line 217, in _receive_event
    data = await self._network_stream.read(
           ^^^^^^^^^^^^^^^^^^^^^^^^^^^^^^^^
  File "C:\Users\Aarav\AppData\Local\Programs\Python\Python311\Lib\site-packages\httpcore\_backends\anyio.py", line 32, in read
    with map_exceptions(exc_map):
  File "C:\Users\Aarav\AppData\Local\Programs\Python\Python311\Lib\contextlib.py", line 158, in __exit__
    self.gen.throw(typ, value, traceback)
  File "C:\Users\Aarav\AppData\Local\Programs\Python\Python311\Lib\site-packages\httpcore\_exceptions.py", line 14, in map_exceptions
    raise to_exc(exc) from exc
httpcore.ReadTimeout

The above exception was the direct cause of the following exception:

Traceback (most recent call last):
  File "C:\Users\Aarav\OneDrive\Documents\Codes\pythonCodes\Chess\Lichess Bot\bot.py", line 109, in _run_game
    await GameHandler(game_id, self.token).run()
  File "C:\Users\Aarav\OneDrive\Documents\Codes\pythonCodes\Chess\Lichess Bot\game_handler.py", line 34, in run
    async for line in resp.aiter_lines():
  File "C:\Users\Aarav\AppData\Local\Programs\Python\Python311\Lib\site-packages\httpx\_models.py", line 1031, in aiter_lines
    async for text in self.aiter_text():
  File "C:\Users\Aarav\AppData\Local\Programs\Python\Python311\Lib\site-packages\httpx\_models.py", line 1018, in aiter_text
    async for byte_content in self.aiter_bytes():
  File "C:\Users\Aarav\AppData\Local\Programs\Python\Python311\Lib\site-packages\httpx\_models.py", line 997, in aiter_bytes
    async for raw_bytes in self.aiter_raw():
  File "C:\Users\Aarav\AppData\Local\Programs\Python\Python311\Lib\site-packages\httpx\_models.py", line 1055, in aiter_raw
    async for raw_stream_bytes in self.stream:
  File "C:\Users\Aarav\AppData\Local\Programs\Python\Python311\Lib\site-packages\httpx\_client.py", line 176, in __aiter__
    async for chunk in self._stream:
  File "C:\Users\Aarav\AppData\Local\Programs\Python\Python311\Lib\site-packages\httpx\_transports\default.py", line 270, in __aiter__
    with map_httpcore_exceptions():
  File "C:\Users\Aarav\AppData\Local\Programs\Python\Python311\Lib\contextlib.py", line 158, in __exit__
    self.gen.throw(typ, value, traceback)
  File "C:\Users\Aarav\AppData\Local\Programs\Python\Python311\Lib\site-packages\httpx\_transports\default.py", line 118, in map_httpcore_exceptions
    raise mapped_exc(message) from exc
httpx.ReadTimeout
2026-03-22 19:36:40,785 [ERROR] Game DvU2wizz error: 
Traceback (most recent call last):
  File "C:\Users\Aarav\AppData\Local\Programs\Python\Python311\Lib\site-packages\httpx\_transports\default.py", line 101, in map_httpcore_exceptions
    yield
  File "C:\Users\Aarav\AppData\Local\Programs\Python\Python311\Lib\site-packages\httpx\_transports\default.py", line 271, in __aiter__
    async for part in self._httpcore_stream:
  File "C:\Users\Aarav\AppData\Local\Programs\Python\Python311\Lib\site-packages\httpcore\_async\connection_pool.py", line 407, in __aiter__
    raise exc from None
  File "C:\Users\Aarav\AppData\Local\Programs\Python\Python311\Lib\site-packages\httpcore\_async\connection_pool.py", line 403, in __aiter__
    async for part in self._stream:
  File "C:\Users\Aarav\AppData\Local\Programs\Python\Python311\Lib\site-packages\httpcore\_async\http11.py", line 342, in __aiter__
    raise exc
  File "C:\Users\Aarav\AppData\Local\Programs\Python\Python311\Lib\site-packages\httpcore\_async\http11.py", line 334, in __aiter__
    async for chunk in self._connection._receive_response_body(**kwargs):
  File "C:\Users\Aarav\AppData\Local\Programs\Python\Python311\Lib\site-packages\httpcore\_async\http11.py", line 203, in _receive_response_body
    event = await self._receive_event(timeout=timeout)
            ^^^^^^^^^^^^^^^^^^^^^^^^^^^^^^^^^^^^^^^^^^
  File "C:\Users\Aarav\AppData\Local\Programs\Python\Python311\Lib\site-packages\httpcore\_async\http11.py", line 217, in _receive_event
    data = await self._network_stream.read(
           ^^^^^^^^^^^^^^^^^^^^^^^^^^^^^^^^
  File "C:\Users\Aarav\AppData\Local\Programs\Python\Python311\Lib\site-packages\httpcore\_backends\anyio.py", line 32, in read
    with map_exceptions(exc_map):
  File "C:\Users\Aarav\AppData\Local\Programs\Python\Python311\Lib\contextlib.py", line 158, in __exit__
    self.gen.throw(typ, value, traceback)
  File "C:\Users\Aarav\AppData\Local\Programs\Python\Python311\Lib\site-packages\httpcore\_exceptions.py", line 14, in map_exceptions
    raise to_exc(exc) from exc
httpcore.ReadTimeout

The above exception was the direct cause of the following exception:

Traceback (most recent call last):
  File "C:\Users\Aarav\OneDrive\Documents\Codes\pythonCodes\Chess\Lichess Bot\bot.py", line 109, in _run_game
    await GameHandler(game_id, self.token).run()
  File "C:\Users\Aarav\OneDrive\Documents\Codes\pythonCodes\Chess\Lichess Bot\game_handler.py", line 34, in run
    async for line in resp.aiter_lines():
  File "C:\Users\Aarav\AppData\Local\Programs\Python\Python311\Lib\site-packages\httpx\_models.py", line 1031, in aiter_lines
    async for text in self.aiter_text():
  File "C:\Users\Aarav\AppData\Local\Programs\Python\Python311\Lib\site-packages\httpx\_models.py", line 1018, in aiter_text
    async for byte_content in self.aiter_bytes():
  File "C:\Users\Aarav\AppData\Local\Programs\Python\Python311\Lib\site-packages\httpx\_models.py", line 997, in aiter_bytes
    async for raw_bytes in self.aiter_raw():
  File "C:\Users\Aarav\AppData\Local\Programs\Python\Python311\Lib\site-packages\httpx\_models.py", line 1055, in aiter_raw
    async for raw_stream_bytes in self.stream:
  File "C:\Users\Aarav\AppData\Local\Programs\Python\Python311\Lib\site-packages\httpx\_client.py", line 176, in __aiter__
    async for chunk in self._stream:
  File "C:\Users\Aarav\AppData\Local\Programs\Python\Python311\Lib\site-packages\httpx\_transports\default.py", line 270, in __aiter__
    with map_httpcore_exceptions():
  File "C:\Users\Aarav\AppData\Local\Programs\Python\Python311\Lib\contextlib.py", line 158, in __exit__
    self.gen.throw(typ, value, traceback)
  File "C:\Users\Aarav\AppData\Local\Programs\Python\Python311\Lib\site-packages\httpx\_transports\default.py", line 118, in map_httpcore_exceptions
    raise mapped_exc(message) from exc
httpx.ReadTimeout
2026-03-22 20:12:26,519 [INFO] HTTP Request: GET https://lichess.org/api/account "HTTP/1.1 200 OK"
2026-03-22 20:12:26,521 [INFO] Logged in as: Inappropriate_BOT
2026-03-22 20:12:26,523 [INFO] StopBlunderingInOpeningsYouIdiot is ONLINE
2026-03-22 20:12:26,523 [INFO] Listening for events...
2026-03-22 20:12:27,390 [INFO] HTTP Request: GET https://lichess.org/api/stream/event "HTTP/1.1 200 OK"
2026-03-22 20:12:27,390 [INFO] Game starting: aHJnyhwJ
2026-03-22 20:12:27,390 [INFO] Game starting: v7QDQRQu
2026-03-22 20:12:27,390 [INFO] Game starting: jkxTgzEf
2026-03-22 20:12:27,390 [INFO] Game starting: DvU2wizz
2026-03-22 20:12:29,502 [INFO] Engine started
2026-03-22 20:12:29,513 [INFO] Engine started
2026-03-22 20:12:29,677 [INFO] Engine started
2026-03-22 20:12:30,086 [INFO] HTTP Request: GET https://lichess.org/api/bot/game/stream/aHJnyhwJ "HTTP/1.1 200 OK"
2026-03-22 20:12:30,111 [INFO] HTTP Request: GET https://lichess.org/api/bot/game/stream/v7QDQRQu "HTTP/1.1 200 OK"
2026-03-22 20:12:30,134 [INFO] Engine started
2026-03-22 20:12:30,197 [INFO] HTTP Request: GET https://lichess.org/api/bot/game/stream/jkxTgzEf "HTTP/1.1 200 OK"
2026-03-22 20:12:30,620 [INFO] HTTP Request: GET https://lichess.org/api/account "HTTP/1.1 200 OK"
2026-03-22 20:12:30,620 [INFO] Playing as Black
2026-03-22 20:12:30,636 [INFO] HTTP Request: GET https://lichess.org/api/bot/game/stream/DvU2wizz "HTTP/1.1 200 OK"
2026-03-22 20:12:30,641 [INFO] HTTP Request: GET https://lichess.org/api/account "HTTP/1.1 200 OK"
2026-03-22 20:12:30,641 [INFO] Playing as Black
2026-03-22 20:12:30,684 [INFO] HTTP Request: GET https://lichess.org/api/account "HTTP/1.1 200 OK"
2026-03-22 20:12:30,684 [INFO] Playing as Black
2026-03-22 20:12:30,790 [INFO] HTTP Request: POST https://lichess.org/api/bot/game/v7QDQRQu/chat "HTTP/1.1 200 OK"
2026-03-22 20:12:30,804 [ERROR] Stockfish error: expected value for option 'UCI_Elo' to be at least 1320, got: 1200
2026-03-22 20:12:30,804 [ERROR] Illegal/null move: None
2026-03-22 20:12:30,819 [INFO] HTTP Request: POST https://lichess.org/api/bot/game/aHJnyhwJ/chat "HTTP/1.1 200 OK"
2026-03-22 20:12:30,819 [ERROR] Stockfish error: expected value for option 'UCI_Elo' to be at least 1320, got: 1200
2026-03-22 20:12:30,819 [ERROR] Illegal/null move: None
2026-03-22 20:12:30,842 [INFO] HTTP Request: POST https://lichess.org/api/bot/game/jkxTgzEf/chat "HTTP/1.1 200 OK"
2026-03-22 20:12:31,124 [INFO] HTTP Request: GET https://lichess.org/api/account "HTTP/1.1 200 OK"
2026-03-22 20:12:31,124 [INFO] Playing as Black
2026-03-22 20:12:31,298 [INFO] HTTP Request: POST https://lichess.org/api/bot/game/DvU2wizz/chat "HTTP/1.1 200 OK"
2026-03-22 20:12:50,259 [INFO] Challenge: World_Champppppppppp | kingOfTheHill | correspondence | rated=False
2026-03-22 20:12:51,741 [INFO] HTTP Request: POST https://lichess.org/api/challenge/6EZDIL0E/accept "HTTP/1.1 200 OK"
2026-03-22 20:12:51,741 [INFO] Accepted: World_Champppppppppp
2026-03-22 20:12:51,741 [INFO] Game starting: 6EZDIL0E
2026-03-22 20:12:55,180 [INFO] Engine started
2026-03-22 20:12:55,819 [INFO] HTTP Request: GET https://lichess.org/api/bot/game/stream/6EZDIL0E "HTTP/1.1 200 OK"
2026-03-22 20:12:56,569 [INFO] HTTP Request: GET https://lichess.org/api/account "HTTP/1.1 200 OK"
2026-03-22 20:12:56,569 [INFO] Playing as Black
2026-03-22 20:12:56,755 [INFO] HTTP Request: POST https://lichess.org/api/bot/game/6EZDIL0E/chat "HTTP/1.1 200 OK"
2026-03-22 20:12:56,756 [ERROR] Stockfish error: expected value for option 'UCI_Elo' to be at least 1320, got: 1200
2026-03-22 20:12:56,759 [ERROR] Illegal/null move: None
2026-03-22 20:21:01,754 [INFO] HTTP Request: GET https://lichess.org/api/account "HTTP/1.1 200 OK"
2026-03-22 20:21:01,757 [INFO] Logged in as: Inappropriate_BOT
2026-03-22 20:21:01,757 [INFO] StopBlunderingInOpeningsYouIdiot is ONLINE
2026-03-22 20:21:01,757 [INFO] Listening for events...
2026-03-22 20:21:02,740 [INFO] HTTP Request: GET https://lichess.org/api/stream/event "HTTP/1.1 200 OK"
2026-03-22 20:21:02,740 [INFO] Game starting: 6EZDIL0E
2026-03-22 20:21:02,740 [INFO] Game starting: aHJnyhwJ
2026-03-22 20:21:02,740 [INFO] Game starting: v7QDQRQu
2026-03-22 20:21:02,740 [INFO] Game starting: jkxTgzEf
2026-03-22 20:21:02,740 [INFO] Game starting: DvU2wizz
2026-03-22 20:21:07,768 [INFO] Engine started
2026-03-22 20:21:07,768 [INFO] Engine started
2026-03-22 20:21:07,768 [INFO] Engine started
2026-03-22 20:21:07,872 [INFO] Engine started
2026-03-22 20:21:08,557 [INFO] Engine started
2026-03-22 20:21:08,601 [INFO] HTTP Request: GET https://lichess.org/api/bot/game/stream/6EZDIL0E "HTTP/1.1 200 OK"
2026-03-22 20:21:08,610 [INFO] HTTP Request: GET https://lichess.org/api/bot/game/stream/v7QDQRQu "HTTP/1.1 200 OK"
2026-03-22 20:21:08,611 [INFO] HTTP Request: GET https://lichess.org/api/bot/game/stream/jkxTgzEf "HTTP/1.1 200 OK"
2026-03-22 20:21:08,611 [INFO] HTTP Request: GET https://lichess.org/api/bot/game/stream/aHJnyhwJ "HTTP/1.1 200 OK"
2026-03-22 20:21:09,311 [INFO] HTTP Request: GET https://lichess.org/api/account "HTTP/1.1 200 OK"
2026-03-22 20:21:09,311 [INFO] Playing as Black
2026-03-22 20:21:09,335 [INFO] HTTP Request: GET https://lichess.org/api/account "HTTP/1.1 200 OK"
2026-03-22 20:21:09,343 [INFO] HTTP Request: GET https://lichess.org/api/account "HTTP/1.1 200 OK"
2026-03-22 20:21:09,343 [INFO] Playing as Black
2026-03-22 20:21:09,343 [INFO] Playing as Black
2026-03-22 20:21:09,343 [INFO] HTTP Request: GET https://lichess.org/api/account "HTTP/1.1 200 OK"
2026-03-22 20:21:09,343 [INFO] HTTP Request: GET https://lichess.org/api/bot/game/stream/DvU2wizz "HTTP/1.1 200 OK"
2026-03-22 20:21:09,343 [INFO] Playing as Black
2026-03-22 20:21:09,511 [INFO] HTTP Request: POST https://lichess.org/api/bot/game/aHJnyhwJ/chat "HTTP/1.1 200 OK"
2026-03-22 20:21:09,519 [INFO] HTTP Request: POST https://lichess.org/api/bot/game/6EZDIL0E/chat "HTTP/1.1 200 OK"
2026-03-22 20:21:09,527 [INFO] HTTP Request: POST https://lichess.org/api/bot/game/v7QDQRQu/chat "HTTP/1.1 200 OK"
2026-03-22 20:21:09,527 [INFO] HTTP Request: POST https://lichess.org/api/bot/game/jkxTgzEf/chat "HTTP/1.1 200 OK"
2026-03-22 20:21:09,908 [INFO] HTTP Request: GET https://lichess.org/api/account "HTTP/1.1 200 OK"
2026-03-22 20:21:09,908 [INFO] Playing as Black
2026-03-22 20:21:10,081 [INFO] HTTP Request: POST https://lichess.org/api/bot/game/DvU2wizz/chat "HTTP/1.1 200 OK"
2026-03-22 20:21:15,940 [INFO] Game finished: 6EZDIL0E | Active: 4
2026-03-22 20:21:16,727 [INFO] Challenge: World_Champppppppppp | kingOfTheHill | correspondence | rated=False
2026-03-22 20:21:17,935 [INFO] HTTP Request: POST https://lichess.org/api/challenge/q2pF8Vfb/accept "HTTP/1.1 200 OK"
2026-03-22 20:21:17,935 [INFO] Accepted: World_Champppppppppp
2026-03-22 20:21:18,049 [INFO] Game starting: q2pF8Vfb
2026-03-22 20:21:19,909 [INFO] Engine started
2026-03-22 20:21:20,402 [INFO] HTTP Request: GET https://lichess.org/api/bot/game/stream/q2pF8Vfb "HTTP/1.1 200 OK"
2026-03-22 20:21:20,973 [INFO] HTTP Request: GET https://lichess.org/api/account "HTTP/1.1 200 OK"
2026-03-22 20:21:20,981 [INFO] Playing as White
2026-03-22 20:21:21,144 [INFO] HTTP Request: POST https://lichess.org/api/bot/game/q2pF8Vfb/chat "HTTP/1.1 200 OK"
2026-03-22 20:24:00,940 [ERROR] Game jkxTgzEf error: 
Traceback (most recent call last):
  File "C:\Users\Aarav\AppData\Local\Programs\Python\Python311\Lib\site-packages\httpx\_transports\default.py", line 101, in map_httpcore_exceptions
    yield
  File "C:\Users\Aarav\AppData\Local\Programs\Python\Python311\Lib\site-packages\httpx\_transports\default.py", line 271, in __aiter__
    async for part in self._httpcore_stream:
  File "C:\Users\Aarav\AppData\Local\Programs\Python\Python311\Lib\site-packages\httpcore\_async\connection_pool.py", line 407, in __aiter__
    raise exc from None
  File "C:\Users\Aarav\AppData\Local\Programs\Python\Python311\Lib\site-packages\httpcore\_async\connection_pool.py", line 403, in __aiter__
    async for part in self._stream:
  File "C:\Users\Aarav\AppData\Local\Programs\Python\Python311\Lib\site-packages\httpcore\_async\http11.py", line 342, in __aiter__
    raise exc
  File "C:\Users\Aarav\AppData\Local\Programs\Python\Python311\Lib\site-packages\httpcore\_async\http11.py", line 334, in __aiter__
    async for chunk in self._connection._receive_response_body(**kwargs):
  File "C:\Users\Aarav\AppData\Local\Programs\Python\Python311\Lib\site-packages\httpcore\_async\http11.py", line 203, in _receive_response_body
    event = await self._receive_event(timeout=timeout)
            ^^^^^^^^^^^^^^^^^^^^^^^^^^^^^^^^^^^^^^^^^^
  File "C:\Users\Aarav\AppData\Local\Programs\Python\Python311\Lib\site-packages\httpcore\_async\http11.py", line 217, in _receive_event
    data = await self._network_stream.read(
           ^^^^^^^^^^^^^^^^^^^^^^^^^^^^^^^^
  File "C:\Users\Aarav\AppData\Local\Programs\Python\Python311\Lib\site-packages\httpcore\_backends\anyio.py", line 32, in read
    with map_exceptions(exc_map):
  File "C:\Users\Aarav\AppData\Local\Programs\Python\Python311\Lib\contextlib.py", line 158, in __exit__
    self.gen.throw(typ, value, traceback)
  File "C:\Users\Aarav\AppData\Local\Programs\Python\Python311\Lib\site-packages\httpcore\_exceptions.py", line 14, in map_exceptions
    raise to_exc(exc) from exc
httpcore.ReadTimeout

The above exception was the direct cause of the following exception:

Traceback (most recent call last):
  File "C:\Users\Aarav\OneDrive\Documents\Codes\pythonCodes\Chess\Lichess Bot\bot.py", line 109, in _run_game
    await GameHandler(game_id, self.token).run()
  File "C:\Users\Aarav\OneDrive\Documents\Codes\pythonCodes\Chess\Lichess Bot\game_handler.py", line 30, in run
    async for line in resp.aiter_lines():
  File "C:\Users\Aarav\AppData\Local\Programs\Python\Python311\Lib\site-packages\httpx\_models.py", line 1031, in aiter_lines
    async for text in self.aiter_text():
  File "C:\Users\Aarav\AppData\Local\Programs\Python\Python311\Lib\site-packages\httpx\_models.py", line 1018, in aiter_text
    async for byte_content in self.aiter_bytes():
  File "C:\Users\Aarav\AppData\Local\Programs\Python\Python311\Lib\site-packages\httpx\_models.py", line 997, in aiter_bytes
    async for raw_bytes in self.aiter_raw():
  File "C:\Users\Aarav\AppData\Local\Programs\Python\Python311\Lib\site-packages\httpx\_models.py", line 1055, in aiter_raw
    async for raw_stream_bytes in self.stream:
  File "C:\Users\Aarav\AppData\Local\Programs\Python\Python311\Lib\site-packages\httpx\_client.py", line 176, in __aiter__
    async for chunk in self._stream:
  File "C:\Users\Aarav\AppData\Local\Programs\Python\Python311\Lib\site-packages\httpx\_transports\default.py", line 270, in __aiter__
    with map_httpcore_exceptions():
  File "C:\Users\Aarav\AppData\Local\Programs\Python\Python311\Lib\contextlib.py", line 158, in __exit__
    self.gen.throw(typ, value, traceback)
  File "C:\Users\Aarav\AppData\Local\Programs\Python\Python311\Lib\site-packages\httpx\_transports\default.py", line 118, in map_httpcore_exceptions
    raise mapped_exc(message) from exc
httpx.ReadTimeout
2026-03-22 20:24:01,818 [ERROR] Game DvU2wizz error: 
Traceback (most recent call last):
  File "C:\Users\Aarav\AppData\Local\Programs\Python\Python311\Lib\site-packages\httpx\_transports\default.py", line 101, in map_httpcore_exceptions
    yield
  File "C:\Users\Aarav\AppData\Local\Programs\Python\Python311\Lib\site-packages\httpx\_transports\default.py", line 271, in __aiter__
    async for part in self._httpcore_stream:
  File "C:\Users\Aarav\AppData\Local\Programs\Python\Python311\Lib\site-packages\httpcore\_async\connection_pool.py", line 407, in __aiter__
    raise exc from None
  File "C:\Users\Aarav\AppData\Local\Programs\Python\Python311\Lib\site-packages\httpcore\_async\connection_pool.py", line 403, in __aiter__
    async for part in self._stream:
  File "C:\Users\Aarav\AppData\Local\Programs\Python\Python311\Lib\site-packages\httpcore\_async\http11.py", line 342, in __aiter__
    raise exc
  File "C:\Users\Aarav\AppData\Local\Programs\Python\Python311\Lib\site-packages\httpcore\_async\http11.py", line 334, in __aiter__
    async for chunk in self._connection._receive_response_body(**kwargs):
  File "C:\Users\Aarav\AppData\Local\Programs\Python\Python311\Lib\site-packages\httpcore\_async\http11.py", line 203, in _receive_response_body
    event = await self._receive_event(timeout=timeout)
            ^^^^^^^^^^^^^^^^^^^^^^^^^^^^^^^^^^^^^^^^^^
  File "C:\Users\Aarav\AppData\Local\Programs\Python\Python311\Lib\site-packages\httpcore\_async\http11.py", line 217, in _receive_event
    data = await self._network_stream.read(
           ^^^^^^^^^^^^^^^^^^^^^^^^^^^^^^^^
  File "C:\Users\Aarav\AppData\Local\Programs\Python\Python311\Lib\site-packages\httpcore\_backends\anyio.py", line 32, in read
    with map_exceptions(exc_map):
  File "C:\Users\Aarav\AppData\Local\Programs\Python\Python311\Lib\contextlib.py", line 158, in __exit__
    self.gen.throw(typ, value, traceback)
  File "C:\Users\Aarav\AppData\Local\Programs\Python\Python311\Lib\site-packages\httpcore\_exceptions.py", line 14, in map_exceptions
    raise to_exc(exc) from exc
httpcore.ReadTimeout

The above exception was the direct cause of the following exception:

Traceback (most recent call last):
  File "C:\Users\Aarav\OneDrive\Documents\Codes\pythonCodes\Chess\Lichess Bot\bot.py", line 109, in _run_game
    await GameHandler(game_id, self.token).run()
  File "C:\Users\Aarav\OneDrive\Documents\Codes\pythonCodes\Chess\Lichess Bot\game_handler.py", line 30, in run
    async for line in resp.aiter_lines():
  File "C:\Users\Aarav\AppData\Local\Programs\Python\Python311\Lib\site-packages\httpx\_models.py", line 1031, in aiter_lines
    async for text in self.aiter_text():
  File "C:\Users\Aarav\AppData\Local\Programs\Python\Python311\Lib\site-packages\httpx\_models.py", line 1018, in aiter_text
    async for byte_content in self.aiter_bytes():
  File "C:\Users\Aarav\AppData\Local\Programs\Python\Python311\Lib\site-packages\httpx\_models.py", line 997, in aiter_bytes
    async for raw_bytes in self.aiter_raw():
  File "C:\Users\Aarav\AppData\Local\Programs\Python\Python311\Lib\site-packages\httpx\_models.py", line 1055, in aiter_raw
    async for raw_stream_bytes in self.stream:
  File "C:\Users\Aarav\AppData\Local\Programs\Python\Python311\Lib\site-packages\httpx\_client.py", line 176, in __aiter__
    async for chunk in self._stream:
  File "C:\Users\Aarav\AppData\Local\Programs\Python\Python311\Lib\site-packages\httpx\_transports\default.py", line 270, in __aiter__
    with map_httpcore_exceptions():
  File "C:\Users\Aarav\AppData\Local\Programs\Python\Python311\Lib\contextlib.py", line 158, in __exit__
    self.gen.throw(typ, value, traceback)
  File "C:\Users\Aarav\AppData\Local\Programs\Python\Python311\Lib\site-packages\httpx\_transports\default.py", line 118, in map_httpcore_exceptions
    raise mapped_exc(message) from exc
httpx.ReadTimeout
2026-03-22 20:24:09,838 [INFO] Bot stopped. GG.
2026-03-22 20:24:16,681 [INFO] HTTP Request: GET https://lichess.org/api/account "HTTP/1.1 200 OK"
2026-03-22 20:24:16,681 [INFO] Logged in as: Inappropriate_BOT
2026-03-22 20:24:16,681 [INFO] StopBlunderingInOpeningsYouIdiot is ONLINE
2026-03-22 20:24:16,681 [INFO] Listening for events...
2026-03-22 20:24:17,862 [INFO] HTTP Request: GET https://lichess.org/api/stream/event "HTTP/1.1 200 OK"
2026-03-22 20:24:17,873 [INFO] Game starting: q2pF8Vfb
2026-03-22 20:24:17,873 [INFO] Game starting: aHJnyhwJ
2026-03-22 20:24:17,873 [INFO] Game starting: v7QDQRQu
2026-03-22 20:24:17,873 [INFO] Game starting: jkxTgzEf
2026-03-22 20:24:17,873 [INFO] Game starting: DvU2wizz
2026-03-22 20:24:22,594 [INFO] Engine started
2026-03-22 20:24:22,601 [INFO] Engine started
2026-03-22 20:24:22,607 [INFO] Engine started
2026-03-22 20:24:22,674 [INFO] Engine started
2026-03-22 20:24:23,418 [INFO] HTTP Request: GET https://lichess.org/api/bot/game/stream/v7QDQRQu "HTTP/1.1 200 OK"
2026-03-22 20:24:23,442 [INFO] HTTP Request: GET https://lichess.org/api/bot/game/stream/q2pF8Vfb "HTTP/1.1 200 OK"
2026-03-22 20:24:23,448 [INFO] HTTP Request: GET https://lichess.org/api/bot/game/stream/aHJnyhwJ "HTTP/1.1 200 OK"
2026-03-22 20:24:23,479 [INFO] HTTP Request: GET https://lichess.org/api/bot/game/stream/jkxTgzEf "HTTP/1.1 200 OK"
2026-03-22 20:24:23,924 [INFO] Engine started
2026-03-22 20:24:24,240 [INFO] HTTP Request: GET https://lichess.org/api/account "HTTP/1.1 200 OK"
2026-03-22 20:24:24,240 [INFO] Playing as White
2026-03-22 20:24:24,240 [INFO] HTTP Request: GET https://lichess.org/api/account "HTTP/1.1 200 OK"
2026-03-22 20:24:24,254 [INFO] Playing as Black
2026-03-22 20:24:24,266 [INFO] HTTP Request: GET https://lichess.org/api/account "HTTP/1.1 200 OK"
2026-03-22 20:24:24,267 [INFO] Playing as Black
2026-03-22 20:24:24,271 [INFO] HTTP Request: GET https://lichess.org/api/account "HTTP/1.1 200 OK"
2026-03-22 20:24:24,271 [INFO] Playing as Black
2026-03-22 20:24:24,416 [INFO] HTTP Request: POST https://lichess.org/api/bot/game/q2pF8Vfb/chat "HTTP/1.1 200 OK"
2026-03-22 20:24:24,425 [INFO] HTTP Request: POST https://lichess.org/api/bot/game/aHJnyhwJ/chat "HTTP/1.1 200 OK"
2026-03-22 20:24:24,447 [INFO] HTTP Request: POST https://lichess.org/api/bot/game/jkxTgzEf/chat "HTTP/1.1 200 OK"
2026-03-22 20:24:24,452 [INFO] HTTP Request: POST https://lichess.org/api/bot/game/v7QDQRQu/chat "HTTP/1.1 200 OK"
2026-03-22 20:24:24,681 [INFO] HTTP Request: GET https://lichess.org/api/bot/game/stream/DvU2wizz "HTTP/1.1 200 OK"
2026-03-22 20:24:25,462 [INFO] HTTP Request: GET https://lichess.org/api/account "HTTP/1.1 200 OK"
2026-03-22 20:24:25,513 [INFO] Playing as Black
2026-03-22 20:24:25,720 [INFO] HTTP Request: POST https://lichess.org/api/bot/game/DvU2wizz/chat "HTTP/1.1 200 OK"
2026-03-22 20:27:38,803 [ERROR] Stockfish error: engine process died unexpectedly (exit code: 3221225786)
2026-03-22 20:27:38,804 [ERROR] Illegal/null move: None
2026-03-22 20:27:54,409 [INFO] HTTP Request: GET https://lichess.org/api/account "HTTP/1.1 200 OK"
2026-03-22 20:27:54,437 [INFO] Logged in as: Inappropriate_BOT
2026-03-22 20:27:54,472 [INFO] StopBlunderingInOpeningsYouIdiot is ONLINE
2026-03-22 20:27:54,472 [INFO] Listening for events...
2026-03-22 20:27:56,972 [INFO] HTTP Request: GET https://lichess.org/api/stream/event "HTTP/1.1 200 OK"
2026-03-22 20:27:56,974 [INFO] Game starting: q2pF8Vfb
2026-03-22 20:27:56,975 [INFO] Game starting: aHJnyhwJ
2026-03-22 20:27:56,975 [INFO] Game starting: v7QDQRQu
2026-03-22 20:27:56,975 [INFO] Game starting: jkxTgzEf
2026-03-22 20:27:56,976 [INFO] Game starting: DvU2wizz
2026-03-22 20:28:01,612 [INFO] HTTP Request: GET https://lichess.org/api/bot/game/stream/aHJnyhwJ "HTTP/1.1 200 OK"
2026-03-22 20:28:01,617 [INFO] HTTP Request: GET https://lichess.org/api/bot/game/stream/q2pF8Vfb "HTTP/1.1 200 OK"
2026-03-22 20:28:01,625 [INFO] HTTP Request: GET https://lichess.org/api/bot/game/stream/v7QDQRQu "HTTP/1.1 200 OK"
2026-03-22 20:28:01,628 [INFO] HTTP Request: GET https://lichess.org/api/bot/game/stream/DvU2wizz "HTTP/1.1 200 OK"
2026-03-22 20:28:01,641 [INFO] HTTP Request: GET https://lichess.org/api/bot/game/stream/jkxTgzEf "HTTP/1.1 200 OK"
2026-03-22 20:28:01,660 [ERROR] Game v7QDQRQu error: [WinError 193] %1 is not a valid Win32 application
Traceback (most recent call last):
  File "C:\Users\Aarav\OneDrive\Documents\Codes\pythonCodes\Chess\Lichess Bot\bot.py", line 109, in _run_game
    await GameHandler(game_id, self.token).run()
  File "C:\Users\Aarav\OneDrive\Documents\Codes\pythonCodes\Chess\Lichess Bot\game_handler.py", line 33, in run
    await self._handle_game_event(event)
  File "C:\Users\Aarav\OneDrive\Documents\Codes\pythonCodes\Chess\Lichess Bot\game_handler.py", line 41, in _handle_game_event
    await self._start_engine(self.variant)
  File "C:\Users\Aarav\OneDrive\Documents\Codes\pythonCodes\Chess\Lichess Bot\game_handler.py", line 164, in _start_engine
    self.engine = await loop.run_in_executor(
                  ^^^^^^^^^^^^^^^^^^^^^^^^^^^
  File "C:\Users\Aarav\AppData\Local\Programs\Python\Python311\Lib\concurrent\futures\thread.py", line 58, in run
    result = self.fn(*self.args, **self.kwargs)
             ^^^^^^^^^^^^^^^^^^^^^^^^^^^^^^^^^^
  File "C:\Users\Aarav\OneDrive\Documents\Codes\pythonCodes\Chess\Lichess Bot\game_handler.py", line 165, in <lambda>
    None, lambda: chess.engine.SimpleEngine.popen_uci(path)
                  ^^^^^^^^^^^^^^^^^^^^^^^^^^^^^^^^^^^^^^^^^
  File "C:\Users\Aarav\AppData\Local\Programs\Python\Python311\Lib\site-packages\chess\engine.py", line 3052, in popen_uci
    return cls.popen(UciProtocol, command, timeout=timeout, debug=debug, setpgrp=setpgrp, **popen_args)
           ^^^^^^^^^^^^^^^^^^^^^^^^^^^^^^^^^^^^^^^^^^^^^^^^^^^^^^^^^^^^^^^^^^^^^^^^^^^^^^^^^^^^^^^^^^^^
  File "C:\Users\Aarav\AppData\Local\Programs\Python\Python311\Lib\site-packages\chess\engine.py", line 3044, in popen
    return run_in_background(background, name=f"{cls.__name__} (command={command!r})", debug=debug)
           ^^^^^^^^^^^^^^^^^^^^^^^^^^^^^^^^^^^^^^^^^^^^^^^^^^^^^^^^^^^^^^^^^^^^^^^^^^^^^^^^^^^^^^^^
  File "C:\Users\Aarav\AppData\Local\Programs\Python\Python311\Lib\site-packages\chess\engine.py", line 77, in run_in_background
    return future.result()
           ^^^^^^^^^^^^^^^
  File "C:\Users\Aarav\AppData\Local\Programs\Python\Python311\Lib\concurrent\futures\_base.py", line 456, in result
    return self.__get_result()
           ^^^^^^^^^^^^^^^^^^^
  File "C:\Users\Aarav\AppData\Local\Programs\Python\Python311\Lib\concurrent\futures\_base.py", line 401, in __get_result
    raise self._exception
  File "C:\Users\Aarav\AppData\Local\Programs\Python\Python311\Lib\site-packages\chess\engine.py", line 71, in background
    asyncio.run(coroutine(future), debug=debug)
  File "C:\Users\Aarav\AppData\Local\Programs\Python\Python311\Lib\asyncio\runners.py", line 190, in run
    return runner.run(main)
           ^^^^^^^^^^^^^^^^
  File "C:\Users\Aarav\AppData\Local\Programs\Python\Python311\Lib\asyncio\runners.py", line 118, in run
    return self._loop.run_until_complete(task)
           ^^^^^^^^^^^^^^^^^^^^^^^^^^^^^^^^^^^
  File "C:\Users\Aarav\AppData\Local\Programs\Python\Python311\Lib\asyncio\base_events.py", line 654, in run_until_complete
    return future.result()
           ^^^^^^^^^^^^^^^
  File "C:\Users\Aarav\AppData\Local\Programs\Python\Python311\Lib\site-packages\chess\engine.py", line 3032, in background
    transport, protocol = await Protocol.popen(command, setpgrp=setpgrp, **popen_args)
                          ^^^^^^^^^^^^^^^^^^^^^^^^^^^^^^^^^^^^^^^^^^^^^^^^^^^^^^^^^^^^
  File "C:\Users\Aarav\AppData\Local\Programs\Python\Python311\Lib\site-packages\chess\engine.py", line 1212, in popen
    return await asyncio.get_running_loop().subprocess_exec(cls, *command, **popen_args)
           ^^^^^^^^^^^^^^^^^^^^^^^^^^^^^^^^^^^^^^^^^^^^^^^^^^^^^^^^^^^^^^^^^^^^^^^^^^^^^
  File "C:\Users\Aarav\AppData\Local\Programs\Python\Python311\Lib\asyncio\base_events.py", line 1708, in subprocess_exec
    transport = await self._make_subprocess_transport(
                ^^^^^^^^^^^^^^^^^^^^^^^^^^^^^^^^^^^^^^
  File "C:\Users\Aarav\AppData\Local\Programs\Python\Python311\Lib\asyncio\windows_events.py", line 399, in _make_subprocess_transport
    transp = _WindowsSubprocessTransport(self, protocol, args, shell,
             ^^^^^^^^^^^^^^^^^^^^^^^^^^^^^^^^^^^^^^^^^^^^^^^^^^^^^^^^
  File "C:\Users\Aarav\AppData\Local\Programs\Python\Python311\Lib\asyncio\base_subprocess.py", line 36, in __init__
    self._start(args=args, shell=shell, stdin=stdin, stdout=stdout,
  File "C:\Users\Aarav\AppData\Local\Programs\Python\Python311\Lib\asyncio\windows_events.py", line 929, in _start
    self._proc = windows_utils.Popen(
                 ^^^^^^^^^^^^^^^^^^^^
  File "C:\Users\Aarav\AppData\Local\Programs\Python\Python311\Lib\asyncio\windows_utils.py", line 153, in __init__
    super().__init__(args, stdin=stdin_rfd, stdout=stdout_wfd,
  File "C:\Users\Aarav\AppData\Local\Programs\Python\Python311\Lib\subprocess.py", line 1026, in __init__
    self._execute_child(args, executable, preexec_fn, close_fds,
  File "C:\Users\Aarav\AppData\Local\Programs\Python\Python311\Lib\subprocess.py", line 1538, in _execute_child
    hp, ht, pid, tid = _winapi.CreateProcess(executable, args,
                       ^^^^^^^^^^^^^^^^^^^^^^^^^^^^^^^^^^^^^^^
OSError: [WinError 193] %1 is not a valid Win32 application
2026-03-22 20:28:01,695 [ERROR] Game aHJnyhwJ error: [WinError 193] %1 is not a valid Win32 application
Traceback (most recent call last):
  File "C:\Users\Aarav\OneDrive\Documents\Codes\pythonCodes\Chess\Lichess Bot\bot.py", line 109, in _run_game
    await GameHandler(game_id, self.token).run()
  File "C:\Users\Aarav\OneDrive\Documents\Codes\pythonCodes\Chess\Lichess Bot\game_handler.py", line 33, in run
    await self._handle_game_event(event)
  File "C:\Users\Aarav\OneDrive\Documents\Codes\pythonCodes\Chess\Lichess Bot\game_handler.py", line 41, in _handle_game_event
    await self._start_engine(self.variant)
  File "C:\Users\Aarav\OneDrive\Documents\Codes\pythonCodes\Chess\Lichess Bot\game_handler.py", line 164, in _start_engine
    self.engine = await loop.run_in_executor(
                  ^^^^^^^^^^^^^^^^^^^^^^^^^^^
  File "C:\Users\Aarav\AppData\Local\Programs\Python\Python311\Lib\concurrent\futures\thread.py", line 58, in run
    result = self.fn(*self.args, **self.kwargs)
             ^^^^^^^^^^^^^^^^^^^^^^^^^^^^^^^^^^
  File "C:\Users\Aarav\OneDrive\Documents\Codes\pythonCodes\Chess\Lichess Bot\game_handler.py", line 165, in <lambda>
    None, lambda: chess.engine.SimpleEngine.popen_uci(path)
                  ^^^^^^^^^^^^^^^^^^^^^^^^^^^^^^^^^^^^^^^^^
  File "C:\Users\Aarav\AppData\Local\Programs\Python\Python311\Lib\site-packages\chess\engine.py", line 3052, in popen_uci
    return cls.popen(UciProtocol, command, timeout=timeout, debug=debug, setpgrp=setpgrp, **popen_args)
           ^^^^^^^^^^^^^^^^^^^^^^^^^^^^^^^^^^^^^^^^^^^^^^^^^^^^^^^^^^^^^^^^^^^^^^^^^^^^^^^^^^^^^^^^^^^^
  File "C:\Users\Aarav\AppData\Local\Programs\Python\Python311\Lib\site-packages\chess\engine.py", line 3044, in popen
    return run_in_background(background, name=f"{cls.__name__} (command={command!r})", debug=debug)
           ^^^^^^^^^^^^^^^^^^^^^^^^^^^^^^^^^^^^^^^^^^^^^^^^^^^^^^^^^^^^^^^^^^^^^^^^^^^^^^^^^^^^^^^^
  File "C:\Users\Aarav\AppData\Local\Programs\Python\Python311\Lib\site-packages\chess\engine.py", line 77, in run_in_background
    return future.result()
           ^^^^^^^^^^^^^^^
  File "C:\Users\Aarav\AppData\Local\Programs\Python\Python311\Lib\concurrent\futures\_base.py", line 456, in result
    return self.__get_result()
           ^^^^^^^^^^^^^^^^^^^
  File "C:\Users\Aarav\AppData\Local\Programs\Python\Python311\Lib\concurrent\futures\_base.py", line 401, in __get_result
    raise self._exception
  File "C:\Users\Aarav\AppData\Local\Programs\Python\Python311\Lib\site-packages\chess\engine.py", line 71, in background
    asyncio.run(coroutine(future), debug=debug)
  File "C:\Users\Aarav\AppData\Local\Programs\Python\Python311\Lib\asyncio\runners.py", line 190, in run
    return runner.run(main)
           ^^^^^^^^^^^^^^^^
  File "C:\Users\Aarav\AppData\Local\Programs\Python\Python311\Lib\asyncio\runners.py", line 118, in run
    return self._loop.run_until_complete(task)
           ^^^^^^^^^^^^^^^^^^^^^^^^^^^^^^^^^^^
  File "C:\Users\Aarav\AppData\Local\Programs\Python\Python311\Lib\asyncio\base_events.py", line 654, in run_until_complete
    return future.result()
           ^^^^^^^^^^^^^^^
  File "C:\Users\Aarav\AppData\Local\Programs\Python\Python311\Lib\site-packages\chess\engine.py", line 3032, in background
    transport, protocol = await Protocol.popen(command, setpgrp=setpgrp, **popen_args)
                          ^^^^^^^^^^^^^^^^^^^^^^^^^^^^^^^^^^^^^^^^^^^^^^^^^^^^^^^^^^^^
  File "C:\Users\Aarav\AppData\Local\Programs\Python\Python311\Lib\site-packages\chess\engine.py", line 1212, in popen
    return await asyncio.get_running_loop().subprocess_exec(cls, *command, **popen_args)
           ^^^^^^^^^^^^^^^^^^^^^^^^^^^^^^^^^^^^^^^^^^^^^^^^^^^^^^^^^^^^^^^^^^^^^^^^^^^^^
  File "C:\Users\Aarav\AppData\Local\Programs\Python\Python311\Lib\asyncio\base_events.py", line 1708, in subprocess_exec
    transport = await self._make_subprocess_transport(
                ^^^^^^^^^^^^^^^^^^^^^^^^^^^^^^^^^^^^^^
  File "C:\Users\Aarav\AppData\Local\Programs\Python\Python311\Lib\asyncio\windows_events.py", line 399, in _make_subprocess_transport
    transp = _WindowsSubprocessTransport(self, protocol, args, shell,
             ^^^^^^^^^^^^^^^^^^^^^^^^^^^^^^^^^^^^^^^^^^^^^^^^^^^^^^^^
  File "C:\Users\Aarav\AppData\Local\Programs\Python\Python311\Lib\asyncio\base_subprocess.py", line 36, in __init__
    self._start(args=args, shell=shell, stdin=stdin, stdout=stdout,
  File "C:\Users\Aarav\AppData\Local\Programs\Python\Python311\Lib\asyncio\windows_events.py", line 929, in _start
    self._proc = windows_utils.Popen(
                 ^^^^^^^^^^^^^^^^^^^^
  File "C:\Users\Aarav\AppData\Local\Programs\Python\Python311\Lib\asyncio\windows_utils.py", line 153, in __init__
    super().__init__(args, stdin=stdin_rfd, stdout=stdout_wfd,
  File "C:\Users\Aarav\AppData\Local\Programs\Python\Python311\Lib\subprocess.py", line 1026, in __init__
    self._execute_child(args, executable, preexec_fn, close_fds,
  File "C:\Users\Aarav\AppData\Local\Programs\Python\Python311\Lib\subprocess.py", line 1538, in _execute_child
    hp, ht, pid, tid = _winapi.CreateProcess(executable, args,
                       ^^^^^^^^^^^^^^^^^^^^^^^^^^^^^^^^^^^^^^^
OSError: [WinError 193] %1 is not a valid Win32 application
2026-03-22 20:28:01,702 [ERROR] Game q2pF8Vfb error: [WinError 193] %1 is not a valid Win32 application
Traceback (most recent call last):
  File "C:\Users\Aarav\OneDrive\Documents\Codes\pythonCodes\Chess\Lichess Bot\bot.py", line 109, in _run_game
    await GameHandler(game_id, self.token).run()
  File "C:\Users\Aarav\OneDrive\Documents\Codes\pythonCodes\Chess\Lichess Bot\game_handler.py", line 33, in run
    await self._handle_game_event(event)
  File "C:\Users\Aarav\OneDrive\Documents\Codes\pythonCodes\Chess\Lichess Bot\game_handler.py", line 41, in _handle_game_event
    await self._start_engine(self.variant)
  File "C:\Users\Aarav\OneDrive\Documents\Codes\pythonCodes\Chess\Lichess Bot\game_handler.py", line 164, in _start_engine
    self.engine = await loop.run_in_executor(
                  ^^^^^^^^^^^^^^^^^^^^^^^^^^^
  File "C:\Users\Aarav\AppData\Local\Programs\Python\Python311\Lib\concurrent\futures\thread.py", line 58, in run
    result = self.fn(*self.args, **self.kwargs)
             ^^^^^^^^^^^^^^^^^^^^^^^^^^^^^^^^^^
  File "C:\Users\Aarav\OneDrive\Documents\Codes\pythonCodes\Chess\Lichess Bot\game_handler.py", line 165, in <lambda>
    None, lambda: chess.engine.SimpleEngine.popen_uci(path)
                  ^^^^^^^^^^^^^^^^^^^^^^^^^^^^^^^^^^^^^^^^^
  File "C:\Users\Aarav\AppData\Local\Programs\Python\Python311\Lib\site-packages\chess\engine.py", line 3052, in popen_uci
    return cls.popen(UciProtocol, command, timeout=timeout, debug=debug, setpgrp=setpgrp, **popen_args)
           ^^^^^^^^^^^^^^^^^^^^^^^^^^^^^^^^^^^^^^^^^^^^^^^^^^^^^^^^^^^^^^^^^^^^^^^^^^^^^^^^^^^^^^^^^^^^
  File "C:\Users\Aarav\AppData\Local\Programs\Python\Python311\Lib\site-packages\chess\engine.py", line 3044, in popen
    return run_in_background(background, name=f"{cls.__name__} (command={command!r})", debug=debug)
           ^^^^^^^^^^^^^^^^^^^^^^^^^^^^^^^^^^^^^^^^^^^^^^^^^^^^^^^^^^^^^^^^^^^^^^^^^^^^^^^^^^^^^^^^
  File "C:\Users\Aarav\AppData\Local\Programs\Python\Python311\Lib\site-packages\chess\engine.py", line 77, in run_in_background
    return future.result()
           ^^^^^^^^^^^^^^^
  File "C:\Users\Aarav\AppData\Local\Programs\Python\Python311\Lib\concurrent\futures\_base.py", line 456, in result
    return self.__get_result()
           ^^^^^^^^^^^^^^^^^^^
  File "C:\Users\Aarav\AppData\Local\Programs\Python\Python311\Lib\concurrent\futures\_base.py", line 401, in __get_result
    raise self._exception
  File "C:\Users\Aarav\AppData\Local\Programs\Python\Python311\Lib\site-packages\chess\engine.py", line 71, in background
    asyncio.run(coroutine(future), debug=debug)
  File "C:\Users\Aarav\AppData\Local\Programs\Python\Python311\Lib\asyncio\runners.py", line 190, in run
    return runner.run(main)
           ^^^^^^^^^^^^^^^^
  File "C:\Users\Aarav\AppData\Local\Programs\Python\Python311\Lib\asyncio\runners.py", line 118, in run
    return self._loop.run_until_complete(task)
           ^^^^^^^^^^^^^^^^^^^^^^^^^^^^^^^^^^^
  File "C:\Users\Aarav\AppData\Local\Programs\Python\Python311\Lib\asyncio\base_events.py", line 654, in run_until_complete
    return future.result()
           ^^^^^^^^^^^^^^^
  File "C:\Users\Aarav\AppData\Local\Programs\Python\Python311\Lib\site-packages\chess\engine.py", line 3032, in background
    transport, protocol = await Protocol.popen(command, setpgrp=setpgrp, **popen_args)
                          ^^^^^^^^^^^^^^^^^^^^^^^^^^^^^^^^^^^^^^^^^^^^^^^^^^^^^^^^^^^^
  File "C:\Users\Aarav\AppData\Local\Programs\Python\Python311\Lib\site-packages\chess\engine.py", line 1212, in popen
    return await asyncio.get_running_loop().subprocess_exec(cls, *command, **popen_args)
           ^^^^^^^^^^^^^^^^^^^^^^^^^^^^^^^^^^^^^^^^^^^^^^^^^^^^^^^^^^^^^^^^^^^^^^^^^^^^^
  File "C:\Users\Aarav\AppData\Local\Programs\Python\Python311\Lib\asyncio\base_events.py", line 1708, in subprocess_exec
    transport = await self._make_subprocess_transport(
                ^^^^^^^^^^^^^^^^^^^^^^^^^^^^^^^^^^^^^^
  File "C:\Users\Aarav\AppData\Local\Programs\Python\Python311\Lib\asyncio\windows_events.py", line 399, in _make_subprocess_transport
    transp = _WindowsSubprocessTransport(self, protocol, args, shell,
             ^^^^^^^^^^^^^^^^^^^^^^^^^^^^^^^^^^^^^^^^^^^^^^^^^^^^^^^^
  File "C:\Users\Aarav\AppData\Local\Programs\Python\Python311\Lib\asyncio\base_subprocess.py", line 36, in __init__
    self._start(args=args, shell=shell, stdin=stdin, stdout=stdout,
  File "C:\Users\Aarav\AppData\Local\Programs\Python\Python311\Lib\asyncio\windows_events.py", line 929, in _start
    self._proc = windows_utils.Popen(
                 ^^^^^^^^^^^^^^^^^^^^
  File "C:\Users\Aarav\AppData\Local\Programs\Python\Python311\Lib\asyncio\windows_utils.py", line 153, in __init__
    super().__init__(args, stdin=stdin_rfd, stdout=stdout_wfd,
  File "C:\Users\Aarav\AppData\Local\Programs\Python\Python311\Lib\subprocess.py", line 1026, in __init__
    self._execute_child(args, executable, preexec_fn, close_fds,
  File "C:\Users\Aarav\AppData\Local\Programs\Python\Python311\Lib\subprocess.py", line 1538, in _execute_child
    hp, ht, pid, tid = _winapi.CreateProcess(executable, args,
                       ^^^^^^^^^^^^^^^^^^^^^^^^^^^^^^^^^^^^^^^
OSError: [WinError 193] %1 is not a valid Win32 application
2026-03-22 20:28:03,934 [INFO] Engine started: Stockfish
2026-03-22 20:28:03,943 [INFO] Engine started: Stockfish
2026-03-22 20:28:04,702 [INFO] HTTP Request: GET https://lichess.org/api/account "HTTP/1.1 200 OK"
2026-03-22 20:28:04,702 [INFO] Playing as Black | Variant: standard
2026-03-22 20:28:04,763 [INFO] HTTP Request: GET https://lichess.org/api/account "HTTP/1.1 200 OK"
2026-03-22 20:28:04,763 [INFO] Playing as Black | Variant: standard
2026-03-22 20:28:04,874 [INFO] HTTP Request: POST https://lichess.org/api/bot/game/DvU2wizz/chat "HTTP/1.1 200 OK"
2026-03-22 20:28:04,939 [INFO] HTTP Request: POST https://lichess.org/api/bot/game/jkxTgzEf/chat "HTTP/1.1 200 OK"
2026-03-22 20:28:34,959 [INFO] Challenge: World_Champppppppppp | kingOfTheHill | blitz | rated=False
2026-03-22 20:28:36,846 [INFO] HTTP Request: POST https://lichess.org/api/challenge/gLfJphXh/accept "HTTP/1.1 200 OK"
2026-03-22 20:28:36,848 [INFO] Accepted: World_Champppppppppp
2026-03-22 20:28:36,848 [INFO] Game starting: gLfJphXh
2026-03-22 20:28:38,664 [INFO] HTTP Request: GET https://lichess.org/api/bot/game/stream/gLfJphXh "HTTP/1.1 200 OK"
2026-03-22 20:28:38,671 [ERROR] Game gLfJphXh error: [WinError 193] %1 is not a valid Win32 application
Traceback (most recent call last):
  File "C:\Users\Aarav\OneDrive\Documents\Codes\pythonCodes\Chess\Lichess Bot\bot.py", line 109, in _run_game
    await GameHandler(game_id, self.token).run()
  File "C:\Users\Aarav\OneDrive\Documents\Codes\pythonCodes\Chess\Lichess Bot\game_handler.py", line 33, in run
    await self._handle_game_event(event)
  File "C:\Users\Aarav\OneDrive\Documents\Codes\pythonCodes\Chess\Lichess Bot\game_handler.py", line 41, in _handle_game_event
    await self._start_engine(self.variant)
  File "C:\Users\Aarav\OneDrive\Documents\Codes\pythonCodes\Chess\Lichess Bot\game_handler.py", line 164, in _start_engine
    self.engine = await loop.run_in_executor(
                  ^^^^^^^^^^^^^^^^^^^^^^^^^^^
  File "C:\Users\Aarav\AppData\Local\Programs\Python\Python311\Lib\concurrent\futures\thread.py", line 58, in run
    result = self.fn(*self.args, **self.kwargs)
             ^^^^^^^^^^^^^^^^^^^^^^^^^^^^^^^^^^
  File "C:\Users\Aarav\OneDrive\Documents\Codes\pythonCodes\Chess\Lichess Bot\game_handler.py", line 165, in <lambda>
    None, lambda: chess.engine.SimpleEngine.popen_uci(path)
                  ^^^^^^^^^^^^^^^^^^^^^^^^^^^^^^^^^^^^^^^^^
  File "C:\Users\Aarav\AppData\Local\Programs\Python\Python311\Lib\site-packages\chess\engine.py", line 3052, in popen_uci
    return cls.popen(UciProtocol, command, timeout=timeout, debug=debug, setpgrp=setpgrp, **popen_args)
           ^^^^^^^^^^^^^^^^^^^^^^^^^^^^^^^^^^^^^^^^^^^^^^^^^^^^^^^^^^^^^^^^^^^^^^^^^^^^^^^^^^^^^^^^^^^^
  File "C:\Users\Aarav\AppData\Local\Programs\Python\Python311\Lib\site-packages\chess\engine.py", line 3044, in popen
    return run_in_background(background, name=f"{cls.__name__} (command={command!r})", debug=debug)
           ^^^^^^^^^^^^^^^^^^^^^^^^^^^^^^^^^^^^^^^^^^^^^^^^^^^^^^^^^^^^^^^^^^^^^^^^^^^^^^^^^^^^^^^^
  File "C:\Users\Aarav\AppData\Local\Programs\Python\Python311\Lib\site-packages\chess\engine.py", line 77, in run_in_background
    return future.result()
           ^^^^^^^^^^^^^^^
  File "C:\Users\Aarav\AppData\Local\Programs\Python\Python311\Lib\concurrent\futures\_base.py", line 456, in result
    return self.__get_result()
           ^^^^^^^^^^^^^^^^^^^
  File "C:\Users\Aarav\AppData\Local\Programs\Python\Python311\Lib\concurrent\futures\_base.py", line 401, in __get_result
    raise self._exception
  File "C:\Users\Aarav\AppData\Local\Programs\Python\Python311\Lib\site-packages\chess\engine.py", line 71, in background
    asyncio.run(coroutine(future), debug=debug)
  File "C:\Users\Aarav\AppData\Local\Programs\Python\Python311\Lib\asyncio\runners.py", line 190, in run
    return runner.run(main)
           ^^^^^^^^^^^^^^^^
  File "C:\Users\Aarav\AppData\Local\Programs\Python\Python311\Lib\asyncio\runners.py", line 118, in run
    return self._loop.run_until_complete(task)
           ^^^^^^^^^^^^^^^^^^^^^^^^^^^^^^^^^^^
  File "C:\Users\Aarav\AppData\Local\Programs\Python\Python311\Lib\asyncio\base_events.py", line 654, in run_until_complete
    return future.result()
           ^^^^^^^^^^^^^^^
  File "C:\Users\Aarav\AppData\Local\Programs\Python\Python311\Lib\site-packages\chess\engine.py", line 3032, in background
    transport, protocol = await Protocol.popen(command, setpgrp=setpgrp, **popen_args)
                          ^^^^^^^^^^^^^^^^^^^^^^^^^^^^^^^^^^^^^^^^^^^^^^^^^^^^^^^^^^^^
  File "C:\Users\Aarav\AppData\Local\Programs\Python\Python311\Lib\site-packages\chess\engine.py", line 1212, in popen
    return await asyncio.get_running_loop().subprocess_exec(cls, *command, **popen_args)
           ^^^^^^^^^^^^^^^^^^^^^^^^^^^^^^^^^^^^^^^^^^^^^^^^^^^^^^^^^^^^^^^^^^^^^^^^^^^^^
  File "C:\Users\Aarav\AppData\Local\Programs\Python\Python311\Lib\asyncio\base_events.py", line 1708, in subprocess_exec
    transport = await self._make_subprocess_transport(
                ^^^^^^^^^^^^^^^^^^^^^^^^^^^^^^^^^^^^^^
  File "C:\Users\Aarav\AppData\Local\Programs\Python\Python311\Lib\asyncio\windows_events.py", line 399, in _make_subprocess_transport
    transp = _WindowsSubprocessTransport(self, protocol, args, shell,
             ^^^^^^^^^^^^^^^^^^^^^^^^^^^^^^^^^^^^^^^^^^^^^^^^^^^^^^^^
  File "C:\Users\Aarav\AppData\Local\Programs\Python\Python311\Lib\asyncio\base_subprocess.py", line 36, in __init__
    self._start(args=args, shell=shell, stdin=stdin, stdout=stdout,
  File "C:\Users\Aarav\AppData\Local\Programs\Python\Python311\Lib\asyncio\windows_events.py", line 929, in _start
    self._proc = windows_utils.Popen(
                 ^^^^^^^^^^^^^^^^^^^^
  File "C:\Users\Aarav\AppData\Local\Programs\Python\Python311\Lib\asyncio\windows_utils.py", line 153, in __init__
    super().__init__(args, stdin=stdin_rfd, stdout=stdout_wfd,
  File "C:\Users\Aarav\AppData\Local\Programs\Python\Python311\Lib\subprocess.py", line 1026, in __init__
    self._execute_child(args, executable, preexec_fn, close_fds,
  File "C:\Users\Aarav\AppData\Local\Programs\Python\Python311\Lib\subprocess.py", line 1538, in _execute_child
    hp, ht, pid, tid = _winapi.CreateProcess(executable, args,
                       ^^^^^^^^^^^^^^^^^^^^^^^^^^^^^^^^^^^^^^^
OSError: [WinError 193] %1 is not a valid Win32 application
2026-03-22 20:33:36,240 [INFO] HTTP Request: GET https://lichess.org/api/account "HTTP/1.1 200 OK"
2026-03-22 20:33:36,254 [INFO] Logged in as: Inappropriate_BOT
2026-03-22 20:33:36,254 [INFO] StopBlunderingInOpeningsYouIdiot is ONLINE
2026-03-22 20:33:36,254 [INFO] Listening for events...
2026-03-22 20:33:37,097 [INFO] HTTP Request: GET https://lichess.org/api/stream/event "HTTP/1.1 200 OK"
2026-03-22 20:33:37,097 [INFO] Game starting: gLfJphXh
2026-03-22 20:33:37,097 [INFO] Game starting: q2pF8Vfb
2026-03-22 20:33:37,759 [INFO] Game starting: aHJnyhwJ
2026-03-22 20:33:37,759 [INFO] Game starting: v7QDQRQu
2026-03-22 20:33:37,759 [INFO] Game starting: jkxTgzEf
2026-03-22 20:33:37,759 [INFO] Game starting: DvU2wizz
2026-03-22 20:33:39,831 [INFO] HTTP Request: GET https://lichess.org/api/bot/game/stream/DvU2wizz "HTTP/1.1 200 OK"
2026-03-22 20:33:40,543 [INFO] HTTP Request: GET https://lichess.org/api/bot/game/stream/aHJnyhwJ "HTTP/1.1 200 OK"
2026-03-22 20:33:40,600 [INFO] HTTP Request: GET https://lichess.org/api/bot/game/stream/gLfJphXh "HTTP/1.1 200 OK"
2026-03-22 20:33:40,725 [INFO] HTTP Request: GET https://lichess.org/api/bot/game/stream/v7QDQRQu "HTTP/1.1 200 OK"
2026-03-22 20:33:40,751 [INFO] HTTP Request: GET https://lichess.org/api/bot/game/stream/q2pF8Vfb "HTTP/1.1 200 OK"
2026-03-22 20:33:41,228 [INFO] HTTP Request: GET https://lichess.org/api/bot/game/stream/jkxTgzEf "HTTP/1.1 200 OK"
2026-03-22 20:33:42,698 [INFO] Engine started: Stockfish
2026-03-22 20:33:43,311 [INFO] HTTP Request: GET https://lichess.org/api/account "HTTP/1.1 200 OK"
2026-03-22 20:33:43,335 [INFO] Playing as Black | Variant: standard
2026-03-22 20:33:43,511 [INFO] HTTP Request: POST https://lichess.org/api/bot/game/DvU2wizz/chat "HTTP/1.1 200 OK"
2026-03-22 20:33:44,066 [INFO] Engine started: Fairy-Stockfish
2026-03-22 20:33:44,074 [INFO] Engine started: Fairy-Stockfish
2026-03-22 20:33:44,090 [INFO] Engine started: Fairy-Stockfish
2026-03-22 20:33:44,162 [INFO] Engine started: Stockfish
2026-03-22 20:33:44,242 [INFO] Engine started: Fairy-Stockfish
2026-03-22 20:33:44,594 [INFO] HTTP Request: GET https://lichess.org/api/account "HTTP/1.1 200 OK"
2026-03-22 20:33:44,594 [INFO] Playing as Black | Variant: threeCheck
2026-03-22 20:33:44,610 [INFO] HTTP Request: GET https://lichess.org/api/account "HTTP/1.1 200 OK"
2026-03-22 20:33:44,618 [INFO] HTTP Request: GET https://lichess.org/api/account "HTTP/1.1 200 OK"
2026-03-22 20:33:44,618 [INFO] Playing as Black | Variant: kingOfTheHill
2026-03-22 20:33:44,618 [INFO] Playing as White | Variant: kingOfTheHill
2026-03-22 20:33:44,666 [INFO] HTTP Request: GET https://lichess.org/api/account "HTTP/1.1 200 OK"
2026-03-22 20:33:44,666 [INFO] Playing as Black | Variant: standard
2026-03-22 20:33:44,762 [INFO] HTTP Request: POST https://lichess.org/api/bot/game/aHJnyhwJ/chat "HTTP/1.1 200 OK"
2026-03-22 20:33:44,792 [INFO] HTTP Request: GET https://lichess.org/api/account "HTTP/1.1 200 OK"
2026-03-22 20:33:44,792 [INFO] Playing as Black | Variant: kingOfTheHill
2026-03-22 20:33:44,797 [INFO] HTTP Request: POST https://lichess.org/api/bot/game/gLfJphXh/chat "HTTP/1.1 200 OK"
2026-03-22 20:33:44,799 [INFO] HTTP Request: POST https://lichess.org/api/bot/game/q2pF8Vfb/chat "HTTP/1.1 200 OK"
2026-03-22 20:33:44,836 [INFO] HTTP Request: POST https://lichess.org/api/bot/game/jkxTgzEf/chat "HTTP/1.1 200 OK"
2026-03-22 20:33:45,039 [INFO] HTTP Request: POST https://lichess.org/api/bot/game/v7QDQRQu/chat "HTTP/1.1 200 OK"
2026-03-22 20:33:51,084 [INFO] Game finished: gLfJphXh | Active: 5
2026-03-22 20:33:51,925 [INFO] Challenge: World_Champppppppppp | kingOfTheHill | blitz | rated=False
2026-03-22 20:33:54,044 [INFO] HTTP Request: POST https://lichess.org/api/challenge/YHGXHtxJ/accept "HTTP/1.1 200 OK"
2026-03-22 20:33:54,060 [INFO] Accepted: World_Champppppppppp
2026-03-22 20:33:54,158 [INFO] Game starting: YHGXHtxJ
2026-03-22 20:33:56,351 [INFO] HTTP Request: GET https://lichess.org/api/bot/game/stream/YHGXHtxJ "HTTP/1.1 200 OK"
2026-03-22 20:33:58,293 [INFO] Engine started: Fairy-Stockfish
2026-03-22 20:33:58,813 [INFO] HTTP Request: GET https://lichess.org/api/account "HTTP/1.1 200 OK"
2026-03-22 20:33:58,821 [INFO] Playing as White | Variant: kingOfTheHill
2026-03-22 20:33:59,010 [INFO] HTTP Request: POST https://lichess.org/api/bot/game/YHGXHtxJ/chat "HTTP/1.1 200 OK"
2026-03-22 20:34:27,052 [INFO] Stockfish ELO 1320: e2e3
2026-03-22 20:34:29,962 [INFO] HTTP Request: POST https://lichess.org/api/bot/game/YHGXHtxJ/move/e2e3 "HTTP/1.1 200 OK"
2026-03-22 20:34:29,962 [INFO] Sent: e2e3
2026-03-22 20:35:15,987 [INFO] CPL: 0.0 | Avg: 0.0 | n=1
2026-03-22 20:35:28,394 [INFO] Stockfish ELO 1320: b1c3
2026-03-22 20:35:31,945 [INFO] HTTP Request: POST https://lichess.org/api/bot/game/YHGXHtxJ/move/b1c3 "HTTP/1.1 200 OK"
2026-03-22 20:35:31,946 [INFO] Sent: b1c3
2026-03-22 20:35:53,761 [INFO] CPL: 322.0 | Avg: 161.0 | n=2
2026-03-22 20:35:59,908 [INFO] Stockfish ELO 1320: g1f3
2026-03-22 20:36:05,716 [INFO] HTTP Request: POST https://lichess.org/api/bot/game/YHGXHtxJ/move/g1f3 "HTTP/1.1 200 OK"
2026-03-22 20:36:05,716 [INFO] Sent: g1f3
2026-03-22 20:36:43,106 [INFO] CPL: 79.0 | Avg: 133.7 | n=3
2026-03-22 20:36:43,106 [INFO] Avg CPL=133.7 -> ELO 1320
2026-03-22 20:36:46,137 [INFO] Stockfish ELO 1320: c3e4
2026-03-22 20:36:51,687 [INFO] HTTP Request: POST https://lichess.org/api/bot/game/YHGXHtxJ/move/c3e4 "HTTP/1.1 200 OK"
2026-03-22 20:36:51,688 [INFO] Sent: c3e4
2026-03-22 20:38:02,426 [INFO] CPL: 176.0 | Avg: 144.2 | n=4
2026-03-22 20:38:02,426 [INFO] Avg CPL=144.2 -> ELO 1320
2026-03-22 20:38:40,605 [INFO] Stockfish ELO 1320: e4g5
2026-03-22 20:38:47,087 [INFO] HTTP Request: POST https://lichess.org/api/bot/game/YHGXHtxJ/move/e4g5 "HTTP/1.1 200 OK"
2026-03-22 20:38:47,095 [INFO] Sent: e4g5
2026-03-22 20:41:15,363 [ERROR] Stream dropped:  - retry in 1s
2026-03-22 20:41:15,990 [ERROR] Game DvU2wizz error: 
Traceback (most recent call last):
  File "C:\Users\Aarav\AppData\Local\Programs\Python\Python311\Lib\site-packages\httpx\_transports\default.py", line 101, in map_httpcore_exceptions
    yield
  File "C:\Users\Aarav\AppData\Local\Programs\Python\Python311\Lib\site-packages\httpx\_transports\default.py", line 271, in __aiter__
    async for part in self._httpcore_stream:
  File "C:\Users\Aarav\AppData\Local\Programs\Python\Python311\Lib\site-packages\httpcore\_async\connection_pool.py", line 407, in __aiter__
    raise exc from None
  File "C:\Users\Aarav\AppData\Local\Programs\Python\Python311\Lib\site-packages\httpcore\_async\connection_pool.py", line 403, in __aiter__
    async for part in self._stream:
  File "C:\Users\Aarav\AppData\Local\Programs\Python\Python311\Lib\site-packages\httpcore\_async\http11.py", line 342, in __aiter__
    raise exc
  File "C:\Users\Aarav\AppData\Local\Programs\Python\Python311\Lib\site-packages\httpcore\_async\http11.py", line 334, in __aiter__
    async for chunk in self._connection._receive_response_body(**kwargs):
  File "C:\Users\Aarav\AppData\Local\Programs\Python\Python311\Lib\site-packages\httpcore\_async\http11.py", line 203, in _receive_response_body
    event = await self._receive_event(timeout=timeout)
            ^^^^^^^^^^^^^^^^^^^^^^^^^^^^^^^^^^^^^^^^^^
  File "C:\Users\Aarav\AppData\Local\Programs\Python\Python311\Lib\site-packages\httpcore\_async\http11.py", line 217, in _receive_event
    data = await self._network_stream.read(
           ^^^^^^^^^^^^^^^^^^^^^^^^^^^^^^^^
  File "C:\Users\Aarav\AppData\Local\Programs\Python\Python311\Lib\site-packages\httpcore\_backends\anyio.py", line 32, in read
    with map_exceptions(exc_map):
  File "C:\Users\Aarav\AppData\Local\Programs\Python\Python311\Lib\contextlib.py", line 158, in __exit__
    self.gen.throw(typ, value, traceback)
  File "C:\Users\Aarav\AppData\Local\Programs\Python\Python311\Lib\site-packages\httpcore\_exceptions.py", line 14, in map_exceptions
    raise to_exc(exc) from exc
httpcore.ReadError

The above exception was the direct cause of the following exception:

Traceback (most recent call last):
  File "C:\Users\Aarav\OneDrive\Documents\Codes\pythonCodes\Chess\Lichess Bot\bot.py", line 109, in _run_game
    await GameHandler(game_id, self.token).run()
  File "C:\Users\Aarav\OneDrive\Documents\Codes\pythonCodes\Chess\Lichess Bot\game_handler.py", line 30, in run
    async for line in resp.aiter_lines():
  File "C:\Users\Aarav\AppData\Local\Programs\Python\Python311\Lib\site-packages\httpx\_models.py", line 1031, in aiter_lines
    async for text in self.aiter_text():
  File "C:\Users\Aarav\AppData\Local\Programs\Python\Python311\Lib\site-packages\httpx\_models.py", line 1018, in aiter_text
    async for byte_content in self.aiter_bytes():
  File "C:\Users\Aarav\AppData\Local\Programs\Python\Python311\Lib\site-packages\httpx\_models.py", line 997, in aiter_bytes
    async for raw_bytes in self.aiter_raw():
  File "C:\Users\Aarav\AppData\Local\Programs\Python\Python311\Lib\site-packages\httpx\_models.py", line 1055, in aiter_raw
    async for raw_stream_bytes in self.stream:
  File "C:\Users\Aarav\AppData\Local\Programs\Python\Python311\Lib\site-packages\httpx\_client.py", line 176, in __aiter__
    async for chunk in self._stream:
  File "C:\Users\Aarav\AppData\Local\Programs\Python\Python311\Lib\site-packages\httpx\_transports\default.py", line 270, in __aiter__
    with map_httpcore_exceptions():
  File "C:\Users\Aarav\AppData\Local\Programs\Python\Python311\Lib\contextlib.py", line 158, in __exit__
    self.gen.throw(typ, value, traceback)
  File "C:\Users\Aarav\AppData\Local\Programs\Python\Python311\Lib\site-packages\httpx\_transports\default.py", line 118, in map_httpcore_exceptions
    raise mapped_exc(message) from exc
httpx.ReadError
2026-03-22 20:41:16,613 [ERROR] Game YHGXHtxJ error: 
Traceback (most recent call last):
  File "C:\Users\Aarav\AppData\Local\Programs\Python\Python311\Lib\site-packages\httpx\_transports\default.py", line 101, in map_httpcore_exceptions
    yield
  File "C:\Users\Aarav\AppData\Local\Programs\Python\Python311\Lib\site-packages\httpx\_transports\default.py", line 271, in __aiter__
    async for part in self._httpcore_stream:
  File "C:\Users\Aarav\AppData\Local\Programs\Python\Python311\Lib\site-packages\httpcore\_async\connection_pool.py", line 407, in __aiter__
    raise exc from None
  File "C:\Users\Aarav\AppData\Local\Programs\Python\Python311\Lib\site-packages\httpcore\_async\connection_pool.py", line 403, in __aiter__
    async for part in self._stream:
  File "C:\Users\Aarav\AppData\Local\Programs\Python\Python311\Lib\site-packages\httpcore\_async\http11.py", line 342, in __aiter__
    raise exc
  File "C:\Users\Aarav\AppData\Local\Programs\Python\Python311\Lib\site-packages\httpcore\_async\http11.py", line 334, in __aiter__
    async for chunk in self._connection._receive_response_body(**kwargs):
  File "C:\Users\Aarav\AppData\Local\Programs\Python\Python311\Lib\site-packages\httpcore\_async\http11.py", line 203, in _receive_response_body
    event = await self._receive_event(timeout=timeout)
            ^^^^^^^^^^^^^^^^^^^^^^^^^^^^^^^^^^^^^^^^^^
  File "C:\Users\Aarav\AppData\Local\Programs\Python\Python311\Lib\site-packages\httpcore\_async\http11.py", line 217, in _receive_event
    data = await self._network_stream.read(
           ^^^^^^^^^^^^^^^^^^^^^^^^^^^^^^^^
  File "C:\Users\Aarav\AppData\Local\Programs\Python\Python311\Lib\site-packages\httpcore\_backends\anyio.py", line 32, in read
    with map_exceptions(exc_map):
  File "C:\Users\Aarav\AppData\Local\Programs\Python\Python311\Lib\contextlib.py", line 158, in __exit__
    self.gen.throw(typ, value, traceback)
  File "C:\Users\Aarav\AppData\Local\Programs\Python\Python311\Lib\site-packages\httpcore\_exceptions.py", line 14, in map_exceptions
    raise to_exc(exc) from exc
httpcore.ReadError

The above exception was the direct cause of the following exception:

Traceback (most recent call last):
  File "C:\Users\Aarav\OneDrive\Documents\Codes\pythonCodes\Chess\Lichess Bot\bot.py", line 109, in _run_game
    await GameHandler(game_id, self.token).run()
  File "C:\Users\Aarav\OneDrive\Documents\Codes\pythonCodes\Chess\Lichess Bot\game_handler.py", line 30, in run
    async for line in resp.aiter_lines():
  File "C:\Users\Aarav\AppData\Local\Programs\Python\Python311\Lib\site-packages\httpx\_models.py", line 1031, in aiter_lines
    async for text in self.aiter_text():
  File "C:\Users\Aarav\AppData\Local\Programs\Python\Python311\Lib\site-packages\httpx\_models.py", line 1018, in aiter_text
    async for byte_content in self.aiter_bytes():
  File "C:\Users\Aarav\AppData\Local\Programs\Python\Python311\Lib\site-packages\httpx\_models.py", line 997, in aiter_bytes
    async for raw_bytes in self.aiter_raw():
  File "C:\Users\Aarav\AppData\Local\Programs\Python\Python311\Lib\site-packages\httpx\_models.py", line 1055, in aiter_raw
    async for raw_stream_bytes in self.stream:
  File "C:\Users\Aarav\AppData\Local\Programs\Python\Python311\Lib\site-packages\httpx\_client.py", line 176, in __aiter__
    async for chunk in self._stream:
  File "C:\Users\Aarav\AppData\Local\Programs\Python\Python311\Lib\site-packages\httpx\_transports\default.py", line 270, in __aiter__
    with map_httpcore_exceptions():
  File "C:\Users\Aarav\AppData\Local\Programs\Python\Python311\Lib\contextlib.py", line 158, in __exit__
    self.gen.throw(typ, value, traceback)
  File "C:\Users\Aarav\AppData\Local\Programs\Python\Python311\Lib\site-packages\httpx\_transports\default.py", line 118, in map_httpcore_exceptions
    raise mapped_exc(message) from exc
httpx.ReadError
2026-03-22 20:41:19,514 [ERROR] Game jkxTgzEf error: 
Traceback (most recent call last):
  File "C:\Users\Aarav\AppData\Local\Programs\Python\Python311\Lib\site-packages\httpx\_transports\default.py", line 101, in map_httpcore_exceptions
    yield
  File "C:\Users\Aarav\AppData\Local\Programs\Python\Python311\Lib\site-packages\httpx\_transports\default.py", line 271, in __aiter__
    async for part in self._httpcore_stream:
  File "C:\Users\Aarav\AppData\Local\Programs\Python\Python311\Lib\site-packages\httpcore\_async\connection_pool.py", line 407, in __aiter__
    raise exc from None
  File "C:\Users\Aarav\AppData\Local\Programs\Python\Python311\Lib\site-packages\httpcore\_async\connection_pool.py", line 403, in __aiter__
    async for part in self._stream:
  File "C:\Users\Aarav\AppData\Local\Programs\Python\Python311\Lib\site-packages\httpcore\_async\http11.py", line 342, in __aiter__
    raise exc
  File "C:\Users\Aarav\AppData\Local\Programs\Python\Python311\Lib\site-packages\httpcore\_async\http11.py", line 334, in __aiter__
    async for chunk in self._connection._receive_response_body(**kwargs):
  File "C:\Users\Aarav\AppData\Local\Programs\Python\Python311\Lib\site-packages\httpcore\_async\http11.py", line 203, in _receive_response_body
    event = await self._receive_event(timeout=timeout)
            ^^^^^^^^^^^^^^^^^^^^^^^^^^^^^^^^^^^^^^^^^^
  File "C:\Users\Aarav\AppData\Local\Programs\Python\Python311\Lib\site-packages\httpcore\_async\http11.py", line 217, in _receive_event
    data = await self._network_stream.read(
           ^^^^^^^^^^^^^^^^^^^^^^^^^^^^^^^^
  File "C:\Users\Aarav\AppData\Local\Programs\Python\Python311\Lib\site-packages\httpcore\_backends\anyio.py", line 32, in read
    with map_exceptions(exc_map):
  File "C:\Users\Aarav\AppData\Local\Programs\Python\Python311\Lib\contextlib.py", line 158, in __exit__
    self.gen.throw(typ, value, traceback)
  File "C:\Users\Aarav\AppData\Local\Programs\Python\Python311\Lib\site-packages\httpcore\_exceptions.py", line 14, in map_exceptions
    raise to_exc(exc) from exc
httpcore.ReadError

The above exception was the direct cause of the following exception:

Traceback (most recent call last):
  File "C:\Users\Aarav\OneDrive\Documents\Codes\pythonCodes\Chess\Lichess Bot\bot.py", line 109, in _run_game
    await GameHandler(game_id, self.token).run()
  File "C:\Users\Aarav\OneDrive\Documents\Codes\pythonCodes\Chess\Lichess Bot\game_handler.py", line 30, in run
    async for line in resp.aiter_lines():
  File "C:\Users\Aarav\AppData\Local\Programs\Python\Python311\Lib\site-packages\httpx\_models.py", line 1031, in aiter_lines
    async for text in self.aiter_text():
  File "C:\Users\Aarav\AppData\Local\Programs\Python\Python311\Lib\site-packages\httpx\_models.py", line 1018, in aiter_text
    async for byte_content in self.aiter_bytes():
  File "C:\Users\Aarav\AppData\Local\Programs\Python\Python311\Lib\site-packages\httpx\_models.py", line 997, in aiter_bytes
    async for raw_bytes in self.aiter_raw():
  File "C:\Users\Aarav\AppData\Local\Programs\Python\Python311\Lib\site-packages\httpx\_models.py", line 1055, in aiter_raw
    async for raw_stream_bytes in self.stream:
  File "C:\Users\Aarav\AppData\Local\Programs\Python\Python311\Lib\site-packages\httpx\_client.py", line 176, in __aiter__
    async for chunk in self._stream:
  File "C:\Users\Aarav\AppData\Local\Programs\Python\Python311\Lib\site-packages\httpx\_transports\default.py", line 270, in __aiter__
    with map_httpcore_exceptions():
  File "C:\Users\Aarav\AppData\Local\Programs\Python\Python311\Lib\contextlib.py", line 158, in __exit__
    self.gen.throw(typ, value, traceback)
  File "C:\Users\Aarav\AppData\Local\Programs\Python\Python311\Lib\site-packages\httpx\_transports\default.py", line 118, in map_httpcore_exceptions
    raise mapped_exc(message) from exc
httpx.ReadError
2026-03-22 20:41:19,522 [ERROR] Stream dropped: [Errno 11001] getaddrinfo failed - retry in 2s
2026-03-22 20:41:24,676 [INFO] HTTP Request: GET https://lichess.org/api/stream/event "HTTP/1.1 200 OK"
2026-03-22 20:47:22,900 [INFO] HTTP Request: GET https://lichess.org/api/account "HTTP/1.1 200 OK"
2026-03-22 20:47:22,900 [INFO] Logged in as: Inappropriate_BOT
2026-03-22 20:47:22,900 [INFO] StopBlunderingInOpeningsYouIdiot is ONLINE
2026-03-22 20:47:22,900 [INFO] Listening for events...
2026-03-22 20:47:23,829 [INFO] HTTP Request: GET https://lichess.org/api/stream/event "HTTP/1.1 200 OK"
2026-03-22 20:47:23,829 [INFO] Game starting: q2pF8Vfb
2026-03-22 20:47:23,829 [INFO] Game starting: aHJnyhwJ
2026-03-22 20:47:23,829 [INFO] Game starting: v7QDQRQu
2026-03-22 20:47:23,829 [INFO] Game starting: jkxTgzEf
2026-03-22 20:47:23,829 [INFO] Game starting: DvU2wizz
2026-03-22 20:47:29,080 [INFO] HTTP Request: GET https://lichess.org/api/bot/game/stream/q2pF8Vfb "HTTP/1.1 200 OK"
2026-03-22 20:47:29,104 [INFO] HTTP Request: GET https://lichess.org/api/bot/game/stream/v7QDQRQu "HTTP/1.1 200 OK"
2026-03-22 20:47:29,256 [INFO] HTTP Request: GET https://lichess.org/api/bot/game/stream/jkxTgzEf "HTTP/1.1 200 OK"
2026-03-22 20:47:29,309 [INFO] HTTP Request: GET https://lichess.org/api/bot/game/stream/DvU2wizz "HTTP/1.1 200 OK"
2026-03-22 20:47:29,949 [INFO] HTTP Request: GET https://lichess.org/api/bot/game/stream/aHJnyhwJ "HTTP/1.1 200 OK"
2026-03-22 20:47:33,355 [INFO] Engine started: Fairy-Stockfish
2026-03-22 20:47:33,483 [INFO] Engine started: Fairy-Stockfish
2026-03-22 20:47:33,646 [INFO] Engine started: Fairy-Stockfish
2026-03-22 20:47:33,881 [INFO] HTTP Request: GET https://lichess.org/api/account "HTTP/1.1 200 OK"
2026-03-22 20:47:33,913 [INFO] Playing as White | Variant: kingOfTheHill
2026-03-22 20:47:34,030 [INFO] HTTP Request: GET https://lichess.org/api/account "HTTP/1.1 200 OK"
2026-03-22 20:47:34,039 [INFO] Playing as Black | Variant: kingOfTheHill
2026-03-22 20:47:34,093 [INFO] HTTP Request: POST https://lichess.org/api/bot/game/q2pF8Vfb/chat "HTTP/1.1 200 OK"
2026-03-22 20:47:34,247 [INFO] Engine started: Stockfish
2026-03-22 20:47:34,288 [INFO] HTTP Request: POST https://lichess.org/api/bot/game/v7QDQRQu/chat "HTTP/1.1 200 OK"
2026-03-22 20:47:34,317 [INFO] HTTP Request: GET https://lichess.org/api/account "HTTP/1.1 200 OK"
2026-03-22 20:47:34,324 [INFO] Playing as Black | Variant: threeCheck
2026-03-22 20:47:34,330 [INFO] Engine started: Stockfish
2026-03-22 20:47:34,516 [INFO] HTTP Request: POST https://lichess.org/api/bot/game/aHJnyhwJ/chat "HTTP/1.1 200 OK"
2026-03-22 20:47:34,789 [INFO] HTTP Request: GET https://lichess.org/api/account "HTTP/1.1 200 OK"
2026-03-22 20:47:34,797 [INFO] Playing as Black | Variant: standard
2026-03-22 20:47:34,841 [INFO] HTTP Request: GET https://lichess.org/api/account "HTTP/1.1 200 OK"
2026-03-22 20:47:34,846 [INFO] Playing as Black | Variant: standard
2026-03-22 20:47:34,967 [INFO] HTTP Request: POST https://lichess.org/api/bot/game/DvU2wizz/chat "HTTP/1.1 200 OK"
2026-03-22 20:47:35,016 [INFO] HTTP Request: POST https://lichess.org/api/bot/game/jkxTgzEf/chat "HTTP/1.1 200 OK"
2026-03-22 20:47:46,852 [INFO] Challenge: World_Champppppppppp | kingOfTheHill | blitz | rated=False
2026-03-22 20:47:49,042 [INFO] HTTP Request: POST https://lichess.org/api/challenge/AeqUlVK6/accept "HTTP/1.1 200 OK"
2026-03-22 20:47:49,048 [INFO] Accepted: World_Champppppppppp
2026-03-22 20:47:49,050 [INFO] Game starting: AeqUlVK6
2026-03-22 20:47:51,334 [INFO] HTTP Request: GET https://lichess.org/api/bot/game/stream/AeqUlVK6 "HTTP/1.1 200 OK"
2026-03-22 20:47:52,927 [INFO] Engine started: Fairy-Stockfish
2026-03-22 20:47:53,426 [INFO] HTTP Request: GET https://lichess.org/api/account "HTTP/1.1 200 OK"
2026-03-22 20:47:53,432 [INFO] Playing as Black | Variant: kingOfTheHill
2026-03-22 20:47:53,610 [INFO] HTTP Request: POST https://lichess.org/api/bot/game/AeqUlVK6/chat "HTTP/1.1 200 OK"
2026-03-22 20:48:24,297 [INFO] Stockfish ELO 1320: d7d5
2026-03-22 20:48:29,779 [INFO] HTTP Request: POST https://lichess.org/api/bot/game/AeqUlVK6/move/d7d5 "HTTP/1.1 200 OK"
2026-03-22 20:48:29,795 [INFO] Sent: d7d5
2026-03-22 20:49:08,439 [INFO] CPL: 0.0 | Avg: 0.0 | n=1
2026-03-22 20:49:23,671 [INFO] Stockfish ELO 1320: a7a6
2026-03-22 20:49:32,935 [INFO] HTTP Request: POST https://lichess.org/api/bot/game/AeqUlVK6/move/a7a6 "HTTP/1.1 200 OK"
2026-03-22 20:49:32,991 [INFO] Sent: a7a6
2026-03-22 21:15:03,935 [ERROR] Game jkxTgzEf error: 
Traceback (most recent call last):
  File "C:\Users\Aarav\AppData\Local\Programs\Python\Python311\Lib\site-packages\httpx\_transports\default.py", line 101, in map_httpcore_exceptions
    yield
  File "C:\Users\Aarav\AppData\Local\Programs\Python\Python311\Lib\site-packages\httpx\_transports\default.py", line 271, in __aiter__
    async for part in self._httpcore_stream:
  File "C:\Users\Aarav\AppData\Local\Programs\Python\Python311\Lib\site-packages\httpcore\_async\connection_pool.py", line 407, in __aiter__
    raise exc from None
  File "C:\Users\Aarav\AppData\Local\Programs\Python\Python311\Lib\site-packages\httpcore\_async\connection_pool.py", line 403, in __aiter__
    async for part in self._stream:
  File "C:\Users\Aarav\AppData\Local\Programs\Python\Python311\Lib\site-packages\httpcore\_async\http11.py", line 342, in __aiter__
    raise exc
  File "C:\Users\Aarav\AppData\Local\Programs\Python\Python311\Lib\site-packages\httpcore\_async\http11.py", line 334, in __aiter__
    async for chunk in self._connection._receive_response_body(**kwargs):
  File "C:\Users\Aarav\AppData\Local\Programs\Python\Python311\Lib\site-packages\httpcore\_async\http11.py", line 203, in _receive_response_body
    event = await self._receive_event(timeout=timeout)
            ^^^^^^^^^^^^^^^^^^^^^^^^^^^^^^^^^^^^^^^^^^
  File "C:\Users\Aarav\AppData\Local\Programs\Python\Python311\Lib\site-packages\httpcore\_async\http11.py", line 217, in _receive_event
    data = await self._network_stream.read(
           ^^^^^^^^^^^^^^^^^^^^^^^^^^^^^^^^
  File "C:\Users\Aarav\AppData\Local\Programs\Python\Python311\Lib\site-packages\httpcore\_backends\anyio.py", line 32, in read
    with map_exceptions(exc_map):
  File "C:\Users\Aarav\AppData\Local\Programs\Python\Python311\Lib\contextlib.py", line 158, in __exit__
    self.gen.throw(typ, value, traceback)
  File "C:\Users\Aarav\AppData\Local\Programs\Python\Python311\Lib\site-packages\httpcore\_exceptions.py", line 14, in map_exceptions
    raise to_exc(exc) from exc
httpcore.ReadTimeout

The above exception was the direct cause of the following exception:

Traceback (most recent call last):
  File "C:\Users\Aarav\OneDrive\Documents\Codes\pythonCodes\Chess\Lichess Bot\bot.py", line 109, in _run_game
    await GameHandler(game_id, self.token).run()
  File "C:\Users\Aarav\OneDrive\Documents\Codes\pythonCodes\Chess\Lichess Bot\game_handler.py", line 30, in run
    async for line in resp.aiter_lines():
  File "C:\Users\Aarav\AppData\Local\Programs\Python\Python311\Lib\site-packages\httpx\_models.py", line 1031, in aiter_lines
    async for text in self.aiter_text():
  File "C:\Users\Aarav\AppData\Local\Programs\Python\Python311\Lib\site-packages\httpx\_models.py", line 1018, in aiter_text
    async for byte_content in self.aiter_bytes():
  File "C:\Users\Aarav\AppData\Local\Programs\Python\Python311\Lib\site-packages\httpx\_models.py", line 997, in aiter_bytes
    async for raw_bytes in self.aiter_raw():
  File "C:\Users\Aarav\AppData\Local\Programs\Python\Python311\Lib\site-packages\httpx\_models.py", line 1055, in aiter_raw
    async for raw_stream_bytes in self.stream:
  File "C:\Users\Aarav\AppData\Local\Programs\Python\Python311\Lib\site-packages\httpx\_client.py", line 176, in __aiter__
    async for chunk in self._stream:
  File "C:\Users\Aarav\AppData\Local\Programs\Python\Python311\Lib\site-packages\httpx\_transports\default.py", line 270, in __aiter__
    with map_httpcore_exceptions():
  File "C:\Users\Aarav\AppData\Local\Programs\Python\Python311\Lib\contextlib.py", line 158, in __exit__
    self.gen.throw(typ, value, traceback)
  File "C:\Users\Aarav\AppData\Local\Programs\Python\Python311\Lib\site-packages\httpx\_transports\default.py", line 118, in map_httpcore_exceptions
    raise mapped_exc(message) from exc
httpx.ReadTimeout
2026-03-22 21:15:04,297 [ERROR] Game DvU2wizz error: 
Traceback (most recent call last):
  File "C:\Users\Aarav\AppData\Local\Programs\Python\Python311\Lib\site-packages\httpx\_transports\default.py", line 101, in map_httpcore_exceptions
    yield
  File "C:\Users\Aarav\AppData\Local\Programs\Python\Python311\Lib\site-packages\httpx\_transports\default.py", line 271, in __aiter__
    async for part in self._httpcore_stream:
  File "C:\Users\Aarav\AppData\Local\Programs\Python\Python311\Lib\site-packages\httpcore\_async\connection_pool.py", line 407, in __aiter__
    raise exc from None
  File "C:\Users\Aarav\AppData\Local\Programs\Python\Python311\Lib\site-packages\httpcore\_async\connection_pool.py", line 403, in __aiter__
    async for part in self._stream:
  File "C:\Users\Aarav\AppData\Local\Programs\Python\Python311\Lib\site-packages\httpcore\_async\http11.py", line 342, in __aiter__
    raise exc
  File "C:\Users\Aarav\AppData\Local\Programs\Python\Python311\Lib\site-packages\httpcore\_async\http11.py", line 334, in __aiter__
    async for chunk in self._connection._receive_response_body(**kwargs):
  File "C:\Users\Aarav\AppData\Local\Programs\Python\Python311\Lib\site-packages\httpcore\_async\http11.py", line 203, in _receive_response_body
    event = await self._receive_event(timeout=timeout)
            ^^^^^^^^^^^^^^^^^^^^^^^^^^^^^^^^^^^^^^^^^^
  File "C:\Users\Aarav\AppData\Local\Programs\Python\Python311\Lib\site-packages\httpcore\_async\http11.py", line 217, in _receive_event
    data = await self._network_stream.read(
           ^^^^^^^^^^^^^^^^^^^^^^^^^^^^^^^^
  File "C:\Users\Aarav\AppData\Local\Programs\Python\Python311\Lib\site-packages\httpcore\_backends\anyio.py", line 32, in read
    with map_exceptions(exc_map):
  File "C:\Users\Aarav\AppData\Local\Programs\Python\Python311\Lib\contextlib.py", line 158, in __exit__
    self.gen.throw(typ, value, traceback)
  File "C:\Users\Aarav\AppData\Local\Programs\Python\Python311\Lib\site-packages\httpcore\_exceptions.py", line 14, in map_exceptions
    raise to_exc(exc) from exc
httpcore.ReadTimeout

The above exception was the direct cause of the following exception:

Traceback (most recent call last):
  File "C:\Users\Aarav\OneDrive\Documents\Codes\pythonCodes\Chess\Lichess Bot\bot.py", line 109, in _run_game
    await GameHandler(game_id, self.token).run()
  File "C:\Users\Aarav\OneDrive\Documents\Codes\pythonCodes\Chess\Lichess Bot\game_handler.py", line 30, in run
    async for line in resp.aiter_lines():
  File "C:\Users\Aarav\AppData\Local\Programs\Python\Python311\Lib\site-packages\httpx\_models.py", line 1031, in aiter_lines
    async for text in self.aiter_text():
  File "C:\Users\Aarav\AppData\Local\Programs\Python\Python311\Lib\site-packages\httpx\_models.py", line 1018, in aiter_text
    async for byte_content in self.aiter_bytes():
  File "C:\Users\Aarav\AppData\Local\Programs\Python\Python311\Lib\site-packages\httpx\_models.py", line 997, in aiter_bytes
    async for raw_bytes in self.aiter_raw():
  File "C:\Users\Aarav\AppData\Local\Programs\Python\Python311\Lib\site-packages\httpx\_models.py", line 1055, in aiter_raw
    async for raw_stream_bytes in self.stream:
  File "C:\Users\Aarav\AppData\Local\Programs\Python\Python311\Lib\site-packages\httpx\_client.py", line 176, in __aiter__
    async for chunk in self._stream:
  File "C:\Users\Aarav\AppData\Local\Programs\Python\Python311\Lib\site-packages\httpx\_transports\default.py", line 270, in __aiter__
    with map_httpcore_exceptions():
  File "C:\Users\Aarav\AppData\Local\Programs\Python\Python311\Lib\contextlib.py", line 158, in __exit__
    self.gen.throw(typ, value, traceback)
  File "C:\Users\Aarav\AppData\Local\Programs\Python\Python311\Lib\site-packages\httpx\_transports\default.py", line 118, in map_httpcore_exceptions
    raise mapped_exc(message) from exc
httpx.ReadTimeout
2026-03-22 21:15:04,350 [ERROR] Game AeqUlVK6 error: 
Traceback (most recent call last):
  File "C:\Users\Aarav\AppData\Local\Programs\Python\Python311\Lib\site-packages\httpx\_transports\default.py", line 101, in map_httpcore_exceptions
    yield
  File "C:\Users\Aarav\AppData\Local\Programs\Python\Python311\Lib\site-packages\httpx\_transports\default.py", line 271, in __aiter__
    async for part in self._httpcore_stream:
  File "C:\Users\Aarav\AppData\Local\Programs\Python\Python311\Lib\site-packages\httpcore\_async\connection_pool.py", line 407, in __aiter__
    raise exc from None
  File "C:\Users\Aarav\AppData\Local\Programs\Python\Python311\Lib\site-packages\httpcore\_async\connection_pool.py", line 403, in __aiter__
    async for part in self._stream:
  File "C:\Users\Aarav\AppData\Local\Programs\Python\Python311\Lib\site-packages\httpcore\_async\http11.py", line 342, in __aiter__
    raise exc
  File "C:\Users\Aarav\AppData\Local\Programs\Python\Python311\Lib\site-packages\httpcore\_async\http11.py", line 334, in __aiter__
    async for chunk in self._connection._receive_response_body(**kwargs):
  File "C:\Users\Aarav\AppData\Local\Programs\Python\Python311\Lib\site-packages\httpcore\_async\http11.py", line 203, in _receive_response_body
    event = await self._receive_event(timeout=timeout)
            ^^^^^^^^^^^^^^^^^^^^^^^^^^^^^^^^^^^^^^^^^^
  File "C:\Users\Aarav\AppData\Local\Programs\Python\Python311\Lib\site-packages\httpcore\_async\http11.py", line 217, in _receive_event
    data = await self._network_stream.read(
           ^^^^^^^^^^^^^^^^^^^^^^^^^^^^^^^^
  File "C:\Users\Aarav\AppData\Local\Programs\Python\Python311\Lib\site-packages\httpcore\_backends\anyio.py", line 32, in read
    with map_exceptions(exc_map):
  File "C:\Users\Aarav\AppData\Local\Programs\Python\Python311\Lib\contextlib.py", line 158, in __exit__
    self.gen.throw(typ, value, traceback)
  File "C:\Users\Aarav\AppData\Local\Programs\Python\Python311\Lib\site-packages\httpcore\_exceptions.py", line 14, in map_exceptions
    raise to_exc(exc) from exc
httpcore.ReadTimeout

The above exception was the direct cause of the following exception:

Traceback (most recent call last):
  File "C:\Users\Aarav\OneDrive\Documents\Codes\pythonCodes\Chess\Lichess Bot\bot.py", line 109, in _run_game
    await GameHandler(game_id, self.token).run()
  File "C:\Users\Aarav\OneDrive\Documents\Codes\pythonCodes\Chess\Lichess Bot\game_handler.py", line 30, in run
    async for line in resp.aiter_lines():
  File "C:\Users\Aarav\AppData\Local\Programs\Python\Python311\Lib\site-packages\httpx\_models.py", line 1031, in aiter_lines
    async for text in self.aiter_text():
  File "C:\Users\Aarav\AppData\Local\Programs\Python\Python311\Lib\site-packages\httpx\_models.py", line 1018, in aiter_text
    async for byte_content in self.aiter_bytes():
  File "C:\Users\Aarav\AppData\Local\Programs\Python\Python311\Lib\site-packages\httpx\_models.py", line 997, in aiter_bytes
    async for raw_bytes in self.aiter_raw():
  File "C:\Users\Aarav\AppData\Local\Programs\Python\Python311\Lib\site-packages\httpx\_models.py", line 1055, in aiter_raw
    async for raw_stream_bytes in self.stream:
  File "C:\Users\Aarav\AppData\Local\Programs\Python\Python311\Lib\site-packages\httpx\_client.py", line 176, in __aiter__
    async for chunk in self._stream:
  File "C:\Users\Aarav\AppData\Local\Programs\Python\Python311\Lib\site-packages\httpx\_transports\default.py", line 270, in __aiter__
    with map_httpcore_exceptions():
  File "C:\Users\Aarav\AppData\Local\Programs\Python\Python311\Lib\contextlib.py", line 158, in __exit__
    self.gen.throw(typ, value, traceback)
  File "C:\Users\Aarav\AppData\Local\Programs\Python\Python311\Lib\site-packages\httpx\_transports\default.py", line 118, in map_httpcore_exceptions
    raise mapped_exc(message) from exc
httpx.ReadTimeout
2026-03-22 21:17:56,800 [INFO] HTTP Request: GET https://lichess.org/api/account "HTTP/1.1 200 OK"
2026-03-22 21:17:56,827 [INFO] Logged in as: Inappropriate_BOT
2026-03-22 21:17:56,832 [INFO] StopBlunderingInOpeningsYouIdiot is ONLINE
2026-03-22 21:17:56,864 [INFO] Listening for events...
2026-03-22 21:17:58,569 [INFO] HTTP Request: GET https://lichess.org/api/stream/event "HTTP/1.1 200 OK"
2026-03-22 21:17:58,616 [INFO] Game starting: q2pF8Vfb
2026-03-22 21:17:58,756 [INFO] Game starting: aHJnyhwJ
2026-03-22 21:17:58,869 [INFO] Game starting: v7QDQRQu
2026-03-22 21:17:58,964 [INFO] Game starting: jkxTgzEf
2026-03-22 21:17:59,074 [INFO] Game starting: DvU2wizz
2026-03-22 21:18:09,041 [INFO] HTTP Request: GET https://lichess.org/api/bot/game/stream/aHJnyhwJ "HTTP/1.1 200 OK"
2026-03-22 21:18:09,106 [INFO] HTTP Request: GET https://lichess.org/api/bot/game/stream/DvU2wizz "HTTP/1.1 200 OK"
2026-03-22 21:18:09,158 [INFO] HTTP Request: GET https://lichess.org/api/bot/game/stream/jkxTgzEf "HTTP/1.1 200 OK"
2026-03-22 21:18:09,249 [INFO] HTTP Request: GET https://lichess.org/api/bot/game/stream/v7QDQRQu "HTTP/1.1 200 OK"
2026-03-22 21:18:09,539 [INFO] HTTP Request: GET https://lichess.org/api/bot/game/stream/q2pF8Vfb "HTTP/1.1 200 OK"
2026-03-22 21:18:13,904 [INFO] Engine started: Fairy-Stockfish
2026-03-22 21:18:14,417 [INFO] HTTP Request: GET https://lichess.org/api/account "HTTP/1.1 200 OK"
2026-03-22 21:18:14,494 [INFO] Playing as Black | Variant: kingOfTheHill
2026-03-22 21:18:14,863 [INFO] HTTP Request: POST https://lichess.org/api/bot/game/v7QDQRQu/chat "HTTP/1.1 200 OK"
2026-03-22 21:18:15,651 [INFO] Engine started: Fairy-Stockfish
2026-03-22 21:18:16,268 [INFO] HTTP Request: GET https://lichess.org/api/account "HTTP/1.1 200 OK"
2026-03-22 21:18:16,383 [INFO] Playing as White | Variant: kingOfTheHill
2026-03-22 21:18:16,559 [INFO] HTTP Request: POST https://lichess.org/api/bot/game/q2pF8Vfb/chat "HTTP/1.1 200 OK"
2026-03-22 21:18:17,047 [INFO] Engine started: Stockfish
2026-03-22 21:18:17,773 [INFO] Engine started: Stockfish
2026-03-22 21:18:17,823 [INFO] HTTP Request: GET https://lichess.org/api/account "HTTP/1.1 200 OK"
2026-03-22 21:18:17,894 [INFO] Playing as Black | Variant: standard
2026-03-22 21:18:18,134 [INFO] HTTP Request: POST https://lichess.org/api/bot/game/jkxTgzEf/chat "HTTP/1.1 200 OK"
2026-03-22 21:18:18,507 [INFO] HTTP Request: GET https://lichess.org/api/account "HTTP/1.1 200 OK"
2026-03-22 21:18:18,544 [INFO] Playing as Black | Variant: standard
2026-03-22 21:18:18,794 [INFO] HTTP Request: POST https://lichess.org/api/bot/game/DvU2wizz/chat "HTTP/1.1 200 OK"
2026-03-22 21:18:19,689 [ERROR] Game aHJnyhwJ error: 
Traceback (most recent call last):
  File "C:\Users\Aarav\OneDrive\Documents\Codes\pythonCodes\Chess\Lichess Bot\bot.py", line 115, in _run_game
    await GameHandler(game_id, self.token).run()
  File "C:\Users\Aarav\OneDrive\Documents\Codes\pythonCodes\Chess\Lichess Bot\game_handler.py", line 33, in run
    await self._handle_game_event(event)
  File "C:\Users\Aarav\OneDrive\Documents\Codes\pythonCodes\Chess\Lichess Bot\game_handler.py", line 41, in _handle_game_event
    await self._start_engine(self.variant)
  File "C:\Users\Aarav\OneDrive\Documents\Codes\pythonCodes\Chess\Lichess Bot\game_handler.py", line 163, in _start_engine
    self.engine = await loop.run_in_executor(
                  ^^^^^^^^^^^^^^^^^^^^^^^^^^^
TimeoutError
2026-03-22 21:18:30,259 [INFO] Challenge: World_Champppppppppp | threeCheck | blitz | rated=False
2026-03-22 21:18:32,928 [INFO] HTTP Request: POST https://lichess.org/api/challenge/MUDzY8S5/decline "HTTP/1.1 200 OK"
2026-03-22 21:21:06,861 [INFO] Challenge: World_Champppppppppp | threeCheck | correspondence | rated=False
2026-03-22 21:21:09,647 [INFO] HTTP Request: POST https://lichess.org/api/challenge/dbB7qRE1/accept "HTTP/1.1 200 OK"
2026-03-22 21:21:09,671 [INFO] Accepted: World_Champppppppppp
2026-03-22 21:21:09,723 [INFO] Game starting: dbB7qRE1
2026-03-22 21:21:12,977 [INFO] HTTP Request: GET https://lichess.org/api/bot/game/stream/dbB7qRE1 "HTTP/1.1 200 OK"
2026-03-22 21:21:18,031 [INFO] Engine started: Fairy-Stockfish
2026-03-22 21:21:18,627 [INFO] HTTP Request: GET https://lichess.org/api/account "HTTP/1.1 200 OK"
2026-03-22 21:21:18,657 [INFO] Playing as Black | Variant: threeCheck
2026-03-22 21:21:18,880 [INFO] HTTP Request: POST https://lichess.org/api/bot/game/dbB7qRE1/chat "HTTP/1.1 200 OK"
2026-03-22 21:25:15,417 [ERROR] Stream dropped:  - retry in 1s
2026-03-22 21:25:15,449 [ERROR] Stream dropped:  - retry in 1s
2026-03-22 21:25:15,674 [ERROR] Game DvU2wizz error: 
Traceback (most recent call last):
  File "C:\Users\Aarav\AppData\Local\Programs\Python\Python311\Lib\site-packages\httpx\_transports\default.py", line 101, in map_httpcore_exceptions
    yield
  File "C:\Users\Aarav\AppData\Local\Programs\Python\Python311\Lib\site-packages\httpx\_transports\default.py", line 271, in __aiter__
    async for part in self._httpcore_stream:
  File "C:\Users\Aarav\AppData\Local\Programs\Python\Python311\Lib\site-packages\httpcore\_async\connection_pool.py", line 407, in __aiter__
    raise exc from None
  File "C:\Users\Aarav\AppData\Local\Programs\Python\Python311\Lib\site-packages\httpcore\_async\connection_pool.py", line 403, in __aiter__
    async for part in self._stream:
  File "C:\Users\Aarav\AppData\Local\Programs\Python\Python311\Lib\site-packages\httpcore\_async\http11.py", line 342, in __aiter__
    raise exc
  File "C:\Users\Aarav\AppData\Local\Programs\Python\Python311\Lib\site-packages\httpcore\_async\http11.py", line 334, in __aiter__
    async for chunk in self._connection._receive_response_body(**kwargs):
  File "C:\Users\Aarav\AppData\Local\Programs\Python\Python311\Lib\site-packages\httpcore\_async\http11.py", line 203, in _receive_response_body
    event = await self._receive_event(timeout=timeout)
            ^^^^^^^^^^^^^^^^^^^^^^^^^^^^^^^^^^^^^^^^^^
  File "C:\Users\Aarav\AppData\Local\Programs\Python\Python311\Lib\site-packages\httpcore\_async\http11.py", line 217, in _receive_event
    data = await self._network_stream.read(
           ^^^^^^^^^^^^^^^^^^^^^^^^^^^^^^^^
  File "C:\Users\Aarav\AppData\Local\Programs\Python\Python311\Lib\site-packages\httpcore\_backends\anyio.py", line 32, in read
    with map_exceptions(exc_map):
  File "C:\Users\Aarav\AppData\Local\Programs\Python\Python311\Lib\contextlib.py", line 158, in __exit__
    self.gen.throw(typ, value, traceback)
  File "C:\Users\Aarav\AppData\Local\Programs\Python\Python311\Lib\site-packages\httpcore\_exceptions.py", line 14, in map_exceptions
    raise to_exc(exc) from exc
httpcore.ReadError

The above exception was the direct cause of the following exception:

Traceback (most recent call last):
  File "C:\Users\Aarav\OneDrive\Documents\Codes\pythonCodes\Chess\Lichess Bot\bot.py", line 115, in _run_game
    await GameHandler(game_id, self.token).run()
  File "C:\Users\Aarav\OneDrive\Documents\Codes\pythonCodes\Chess\Lichess Bot\game_handler.py", line 30, in run
    async for line in resp.aiter_lines():
  File "C:\Users\Aarav\AppData\Local\Programs\Python\Python311\Lib\site-packages\httpx\_models.py", line 1031, in aiter_lines
    async for text in self.aiter_text():
  File "C:\Users\Aarav\AppData\Local\Programs\Python\Python311\Lib\site-packages\httpx\_models.py", line 1018, in aiter_text
    async for byte_content in self.aiter_bytes():
  File "C:\Users\Aarav\AppData\Local\Programs\Python\Python311\Lib\site-packages\httpx\_models.py", line 997, in aiter_bytes
    async for raw_bytes in self.aiter_raw():
  File "C:\Users\Aarav\AppData\Local\Programs\Python\Python311\Lib\site-packages\httpx\_models.py", line 1055, in aiter_raw
    async for raw_stream_bytes in self.stream:
  File "C:\Users\Aarav\AppData\Local\Programs\Python\Python311\Lib\site-packages\httpx\_client.py", line 176, in __aiter__
    async for chunk in self._stream:
  File "C:\Users\Aarav\AppData\Local\Programs\Python\Python311\Lib\site-packages\httpx\_transports\default.py", line 270, in __aiter__
    with map_httpcore_exceptions():
  File "C:\Users\Aarav\AppData\Local\Programs\Python\Python311\Lib\contextlib.py", line 158, in __exit__
    self.gen.throw(typ, value, traceback)
  File "C:\Users\Aarav\AppData\Local\Programs\Python\Python311\Lib\site-packages\httpx\_transports\default.py", line 118, in map_httpcore_exceptions
    raise mapped_exc(message) from exc
httpx.ReadError
2026-03-22 21:25:19,192 [ERROR] Game jkxTgzEf error: 
Traceback (most recent call last):
  File "C:\Users\Aarav\AppData\Local\Programs\Python\Python311\Lib\site-packages\httpx\_transports\default.py", line 101, in map_httpcore_exceptions
    yield
  File "C:\Users\Aarav\AppData\Local\Programs\Python\Python311\Lib\site-packages\httpx\_transports\default.py", line 271, in __aiter__
    async for part in self._httpcore_stream:
  File "C:\Users\Aarav\AppData\Local\Programs\Python\Python311\Lib\site-packages\httpcore\_async\connection_pool.py", line 407, in __aiter__
    raise exc from None
  File "C:\Users\Aarav\AppData\Local\Programs\Python\Python311\Lib\site-packages\httpcore\_async\connection_pool.py", line 403, in __aiter__
    async for part in self._stream:
  File "C:\Users\Aarav\AppData\Local\Programs\Python\Python311\Lib\site-packages\httpcore\_async\http11.py", line 342, in __aiter__
    raise exc
  File "C:\Users\Aarav\AppData\Local\Programs\Python\Python311\Lib\site-packages\httpcore\_async\http11.py", line 334, in __aiter__
    async for chunk in self._connection._receive_response_body(**kwargs):
  File "C:\Users\Aarav\AppData\Local\Programs\Python\Python311\Lib\site-packages\httpcore\_async\http11.py", line 203, in _receive_response_body
    event = await self._receive_event(timeout=timeout)
            ^^^^^^^^^^^^^^^^^^^^^^^^^^^^^^^^^^^^^^^^^^
  File "C:\Users\Aarav\AppData\Local\Programs\Python\Python311\Lib\site-packages\httpcore\_async\http11.py", line 217, in _receive_event
    data = await self._network_stream.read(
           ^^^^^^^^^^^^^^^^^^^^^^^^^^^^^^^^
  File "C:\Users\Aarav\AppData\Local\Programs\Python\Python311\Lib\site-packages\httpcore\_backends\anyio.py", line 32, in read
    with map_exceptions(exc_map):
  File "C:\Users\Aarav\AppData\Local\Programs\Python\Python311\Lib\contextlib.py", line 158, in __exit__
    self.gen.throw(typ, value, traceback)
  File "C:\Users\Aarav\AppData\Local\Programs\Python\Python311\Lib\site-packages\httpcore\_exceptions.py", line 14, in map_exceptions
    raise to_exc(exc) from exc
httpcore.ReadError

The above exception was the direct cause of the following exception:

Traceback (most recent call last):
  File "C:\Users\Aarav\OneDrive\Documents\Codes\pythonCodes\Chess\Lichess Bot\bot.py", line 115, in _run_game
    await GameHandler(game_id, self.token).run()
  File "C:\Users\Aarav\OneDrive\Documents\Codes\pythonCodes\Chess\Lichess Bot\game_handler.py", line 30, in run
    async for line in resp.aiter_lines():
  File "C:\Users\Aarav\AppData\Local\Programs\Python\Python311\Lib\site-packages\httpx\_models.py", line 1031, in aiter_lines
    async for text in self.aiter_text():
  File "C:\Users\Aarav\AppData\Local\Programs\Python\Python311\Lib\site-packages\httpx\_models.py", line 1018, in aiter_text
    async for byte_content in self.aiter_bytes():
  File "C:\Users\Aarav\AppData\Local\Programs\Python\Python311\Lib\site-packages\httpx\_models.py", line 997, in aiter_bytes
    async for raw_bytes in self.aiter_raw():
  File "C:\Users\Aarav\AppData\Local\Programs\Python\Python311\Lib\site-packages\httpx\_models.py", line 1055, in aiter_raw
    async for raw_stream_bytes in self.stream:
  File "C:\Users\Aarav\AppData\Local\Programs\Python\Python311\Lib\site-packages\httpx\_client.py", line 176, in __aiter__
    async for chunk in self._stream:
  File "C:\Users\Aarav\AppData\Local\Programs\Python\Python311\Lib\site-packages\httpx\_transports\default.py", line 270, in __aiter__
    with map_httpcore_exceptions():
  File "C:\Users\Aarav\AppData\Local\Programs\Python\Python311\Lib\contextlib.py", line 158, in __exit__
    self.gen.throw(typ, value, traceback)
  File "C:\Users\Aarav\AppData\Local\Programs\Python\Python311\Lib\site-packages\httpx\_transports\default.py", line 118, in map_httpcore_exceptions
    raise mapped_exc(message) from exc
httpx.ReadError
2026-03-22 21:25:26,743 [INFO] HTTP Request: GET https://lichess.org/api/stream/event "HTTP/1.1 200 OK"
2026-03-22 21:25:42,055 [INFO] HTTP Request: GET https://lichess.org/api/stream/event "HTTP/1.1 200 OK"
2026-03-22 21:25:42,165 [INFO] Game starting: dbB7qRE1
2026-03-22 21:25:45,731 [ERROR] Stockfish error: engine process died unexpectedly (exit code: 3221225786)
2026-03-22 21:25:45,889 [ERROR] Illegal/null move: None
2026-03-22 21:25:46,125 [ERROR] Stockfish error: engine process died unexpectedly (exit code: 3221225786)
2026-03-22 21:25:46,267 [ERROR] Illegal/null move: None
2026-03-22 21:25:46,398 [ERROR] Stockfish error: engine process died unexpectedly (exit code: 3221225786)
2026-03-22 21:25:46,525 [ERROR] Illegal/null move: None
2026-03-22 21:25:46,682 [WARNING] Resign failed: engine event loop dead
2026-03-22 21:25:46,988 [INFO] Bot stopped. GG.
2026-03-22 21:25:47,511 [INFO] HTTP Request: GET https://lichess.org/api/bot/game/stream/dbB7qRE1 "HTTP/1.1 200 OK"
2026-03-22 21:25:52,116 [INFO] Engine started: Fairy-Stockfish
2026-03-22 21:25:52,655 [INFO] HTTP Request: GET https://lichess.org/api/account "HTTP/1.1 200 OK"
2026-03-22 21:25:52,671 [INFO] Playing as Black | Variant: threeCheck
2026-03-22 21:25:52,843 [INFO] HTTP Request: POST https://lichess.org/api/bot/game/dbB7qRE1/chat "HTTP/1.1 200 OK"
2026-03-22 21:29:14,522 [ERROR] Stockfish error: engine process died unexpectedly (exit code: 3221225786)
2026-03-22 21:29:14,531 [ERROR] Illegal/null move: None
2026-03-22 21:29:14,590 [ERROR] Stockfish error: engine process died unexpectedly (exit code: 3221225786)
2026-03-22 21:29:14,591 [ERROR] Illegal/null move: None
2026-03-22 21:29:14,597 [ERROR] Game aHJnyhwJ error: 
Traceback (most recent call last):
  File "C:\Users\Aarav\AppData\Local\Programs\Python\Python311\Lib\site-packages\httpx\_transports\default.py", line 101, in map_httpcore_exceptions
    yield
  File "C:\Users\Aarav\AppData\Local\Programs\Python\Python311\Lib\site-packages\httpx\_transports\default.py", line 271, in __aiter__
    async for part in self._httpcore_stream:
  File "C:\Users\Aarav\AppData\Local\Programs\Python\Python311\Lib\site-packages\httpcore\_async\connection_pool.py", line 407, in __aiter__
    raise exc from None
  File "C:\Users\Aarav\AppData\Local\Programs\Python\Python311\Lib\site-packages\httpcore\_async\connection_pool.py", line 403, in __aiter__
    async for part in self._stream:
  File "C:\Users\Aarav\AppData\Local\Programs\Python\Python311\Lib\site-packages\httpcore\_async\http11.py", line 342, in __aiter__
    raise exc
  File "C:\Users\Aarav\AppData\Local\Programs\Python\Python311\Lib\site-packages\httpcore\_async\http11.py", line 334, in __aiter__
    async for chunk in self._connection._receive_response_body(**kwargs):
  File "C:\Users\Aarav\AppData\Local\Programs\Python\Python311\Lib\site-packages\httpcore\_async\http11.py", line 203, in _receive_response_body
    event = await self._receive_event(timeout=timeout)
            ^^^^^^^^^^^^^^^^^^^^^^^^^^^^^^^^^^^^^^^^^^
  File "C:\Users\Aarav\AppData\Local\Programs\Python\Python311\Lib\site-packages\httpcore\_async\http11.py", line 217, in _receive_event
    data = await self._network_stream.read(
           ^^^^^^^^^^^^^^^^^^^^^^^^^^^^^^^^
  File "C:\Users\Aarav\AppData\Local\Programs\Python\Python311\Lib\site-packages\httpcore\_backends\anyio.py", line 32, in read
    with map_exceptions(exc_map):
  File "C:\Users\Aarav\AppData\Local\Programs\Python\Python311\Lib\contextlib.py", line 158, in __exit__
    self.gen.throw(typ, value, traceback)
  File "C:\Users\Aarav\AppData\Local\Programs\Python\Python311\Lib\site-packages\httpcore\_exceptions.py", line 14, in map_exceptions
    raise to_exc(exc) from exc
httpcore.ReadError

The above exception was the direct cause of the following exception:

Traceback (most recent call last):
  File "C:\Users\Aarav\OneDrive\Documents\Codes\pythonCodes\Chess\Lichess Bot\bot.py", line 109, in _run_game
    async def _decline(self, cid: str, reason: str = "generic"):
            ^^^^^^^^^^^^^^^^^^^^^^^^^^^^^^^^^^^^^^^^^^^^
  File "C:\Users\Aarav\OneDrive\Documents\Codes\pythonCodes\Chess\Lichess Bot\game_handler.py", line 30, in run
    async for line in resp.aiter_lines():
  File "C:\Users\Aarav\AppData\Local\Programs\Python\Python311\Lib\site-packages\httpx\_models.py", line 1031, in aiter_lines
    async for text in self.aiter_text():
  File "C:\Users\Aarav\AppData\Local\Programs\Python\Python311\Lib\site-packages\httpx\_models.py", line 1018, in aiter_text
    async for byte_content in self.aiter_bytes():
  File "C:\Users\Aarav\AppData\Local\Programs\Python\Python311\Lib\site-packages\httpx\_models.py", line 997, in aiter_bytes
    async for raw_bytes in self.aiter_raw():
  File "C:\Users\Aarav\AppData\Local\Programs\Python\Python311\Lib\site-packages\httpx\_models.py", line 1055, in aiter_raw
    async for raw_stream_bytes in self.stream:
  File "C:\Users\Aarav\AppData\Local\Programs\Python\Python311\Lib\site-packages\httpx\_client.py", line 176, in __aiter__
    async for chunk in self._stream:
  File "C:\Users\Aarav\AppData\Local\Programs\Python\Python311\Lib\site-packages\httpx\_transports\default.py", line 270, in __aiter__
    with map_httpcore_exceptions():
  File "C:\Users\Aarav\AppData\Local\Programs\Python\Python311\Lib\contextlib.py", line 158, in __exit__
    self.gen.throw(typ, value, traceback)
  File "C:\Users\Aarav\AppData\Local\Programs\Python\Python311\Lib\site-packages\httpx\_transports\default.py", line 118, in map_httpcore_exceptions
    raise mapped_exc(message) from exc
httpx.ReadError
2026-03-22 21:29:14,617 [ERROR] Stockfish error: engine process died unexpectedly (exit code: 3221225786)
2026-03-22 21:29:14,618 [ERROR] Illegal/null move: None
2026-03-22 21:29:14,633 [ERROR] Game q2pF8Vfb error: 
Traceback (most recent call last):
  File "C:\Users\Aarav\AppData\Local\Programs\Python\Python311\Lib\site-packages\httpx\_transports\default.py", line 101, in map_httpcore_exceptions
    yield
  File "C:\Users\Aarav\AppData\Local\Programs\Python\Python311\Lib\site-packages\httpx\_transports\default.py", line 271, in __aiter__
    async for part in self._httpcore_stream:
  File "C:\Users\Aarav\AppData\Local\Programs\Python\Python311\Lib\site-packages\httpcore\_async\connection_pool.py", line 407, in __aiter__
    raise exc from None
  File "C:\Users\Aarav\AppData\Local\Programs\Python\Python311\Lib\site-packages\httpcore\_async\connection_pool.py", line 403, in __aiter__
    async for part in self._stream:
  File "C:\Users\Aarav\AppData\Local\Programs\Python\Python311\Lib\site-packages\httpcore\_async\http11.py", line 342, in __aiter__
    raise exc
  File "C:\Users\Aarav\AppData\Local\Programs\Python\Python311\Lib\site-packages\httpcore\_async\http11.py", line 334, in __aiter__
    async for chunk in self._connection._receive_response_body(**kwargs):
  File "C:\Users\Aarav\AppData\Local\Programs\Python\Python311\Lib\site-packages\httpcore\_async\http11.py", line 203, in _receive_response_body
    event = await self._receive_event(timeout=timeout)
            ^^^^^^^^^^^^^^^^^^^^^^^^^^^^^^^^^^^^^^^^^^
  File "C:\Users\Aarav\AppData\Local\Programs\Python\Python311\Lib\site-packages\httpcore\_async\http11.py", line 217, in _receive_event
    data = await self._network_stream.read(
           ^^^^^^^^^^^^^^^^^^^^^^^^^^^^^^^^
  File "C:\Users\Aarav\AppData\Local\Programs\Python\Python311\Lib\site-packages\httpcore\_backends\anyio.py", line 32, in read
    with map_exceptions(exc_map):
  File "C:\Users\Aarav\AppData\Local\Programs\Python\Python311\Lib\contextlib.py", line 158, in __exit__
    self.gen.throw(typ, value, traceback)
  File "C:\Users\Aarav\AppData\Local\Programs\Python\Python311\Lib\site-packages\httpcore\_exceptions.py", line 14, in map_exceptions
    raise to_exc(exc) from exc
httpcore.ReadError

The above exception was the direct cause of the following exception:

Traceback (most recent call last):
  File "C:\Users\Aarav\OneDrive\Documents\Codes\pythonCodes\Chess\Lichess Bot\bot.py", line 109, in _run_game
    async def _decline(self, cid: str, reason: str = "generic"):
            ^^^^^^^^^^^^^^^^^^^^^^^^^^^^^^^^^^^^^^^^^^^^
  File "C:\Users\Aarav\OneDrive\Documents\Codes\pythonCodes\Chess\Lichess Bot\game_handler.py", line 30, in run
    async for line in resp.aiter_lines():
  File "C:\Users\Aarav\AppData\Local\Programs\Python\Python311\Lib\site-packages\httpx\_models.py", line 1031, in aiter_lines
    async for text in self.aiter_text():
  File "C:\Users\Aarav\AppData\Local\Programs\Python\Python311\Lib\site-packages\httpx\_models.py", line 1018, in aiter_text
    async for byte_content in self.aiter_bytes():
  File "C:\Users\Aarav\AppData\Local\Programs\Python\Python311\Lib\site-packages\httpx\_models.py", line 997, in aiter_bytes
    async for raw_bytes in self.aiter_raw():
  File "C:\Users\Aarav\AppData\Local\Programs\Python\Python311\Lib\site-packages\httpx\_models.py", line 1055, in aiter_raw
    async for raw_stream_bytes in self.stream:
  File "C:\Users\Aarav\AppData\Local\Programs\Python\Python311\Lib\site-packages\httpx\_client.py", line 176, in __aiter__
    async for chunk in self._stream:
  File "C:\Users\Aarav\AppData\Local\Programs\Python\Python311\Lib\site-packages\httpx\_transports\default.py", line 270, in __aiter__
    with map_httpcore_exceptions():
  File "C:\Users\Aarav\AppData\Local\Programs\Python\Python311\Lib\contextlib.py", line 158, in __exit__
    self.gen.throw(typ, value, traceback)
  File "C:\Users\Aarav\AppData\Local\Programs\Python\Python311\Lib\site-packages\httpx\_transports\default.py", line 118, in map_httpcore_exceptions
    raise mapped_exc(message) from exc
httpx.ReadError
2026-03-22 21:48:32,504 [INFO] HTTP Request: GET https://lichess.org/api/account "HTTP/1.1 200 OK"
2026-03-22 21:48:32,504 [INFO] Logged in as: Inappropriate_BOT
2026-03-22 21:48:32,504 [INFO] StopBlunderingInOpeningsYouIdiot is ONLINE
2026-03-22 21:48:32,504 [INFO] Listening for events...
2026-03-22 21:48:33,293 [INFO] HTTP Request: GET https://lichess.org/api/stream/event "HTTP/1.1 200 OK"
2026-03-22 21:48:33,293 [INFO] Game starting: dbB7qRE1
2026-03-22 21:48:33,293 [INFO] Game starting: q2pF8Vfb
2026-03-22 21:48:33,293 [INFO] Game starting: aHJnyhwJ
2026-03-22 21:48:33,293 [INFO] Game starting: v7QDQRQu
2026-03-22 21:48:33,293 [INFO] Game starting: jkxTgzEf
2026-03-22 21:48:33,293 [INFO] Game starting: DvU2wizz
2026-03-22 21:48:35,548 [INFO] HTTP Request: GET https://lichess.org/api/bot/game/stream/DvU2wizz "HTTP/1.1 200 OK"
2026-03-22 21:48:35,580 [INFO] HTTP Request: GET https://lichess.org/api/bot/game/stream/v7QDQRQu "HTTP/1.1 200 OK"
2026-03-22 21:48:35,580 [INFO] HTTP Request: GET https://lichess.org/api/bot/game/stream/jkxTgzEf "HTTP/1.1 200 OK"
2026-03-22 21:48:35,842 [INFO] HTTP Request: GET https://lichess.org/api/bot/game/stream/aHJnyhwJ "HTTP/1.1 200 OK"
2026-03-22 21:48:35,842 [INFO] HTTP Request: GET https://lichess.org/api/bot/game/stream/q2pF8Vfb "HTTP/1.1 200 OK"
2026-03-22 21:48:35,857 [INFO] HTTP Request: GET https://lichess.org/api/bot/game/stream/dbB7qRE1 "HTTP/1.1 200 OK"
2026-03-22 21:48:42,681 [INFO] Engine started: Stockfish
2026-03-22 21:48:42,696 [INFO] Engine started: Stockfish
2026-03-22 21:48:42,703 [INFO] Engine started: Stockfish
2026-03-22 21:48:42,705 [INFO] Engine started: Stockfish
2026-03-22 21:48:42,722 [INFO] Engine started: Stockfish
2026-03-22 21:48:42,734 [INFO] Engine started: Stockfish
2026-03-22 21:48:43,213 [INFO] HTTP Request: GET https://lichess.org/api/account "HTTP/1.1 200 OK"
2026-03-22 21:48:43,214 [INFO] Playing as Black | Variant: threeCheck
2026-03-22 21:48:43,218 [INFO] HTTP Request: GET https://lichess.org/api/account "HTTP/1.1 200 OK"
2026-03-22 21:48:43,220 [INFO] Playing as Black | Variant: standard
2026-03-22 21:48:43,243 [INFO] HTTP Request: GET https://lichess.org/api/account "HTTP/1.1 200 OK"
2026-03-22 21:48:43,245 [INFO] HTTP Request: GET https://lichess.org/api/account "HTTP/1.1 200 OK"
2026-03-22 21:48:43,245 [INFO] Playing as Black | Variant: kingOfTheHill
2026-03-22 21:48:43,246 [INFO] Playing as White | Variant: kingOfTheHill
2026-03-22 21:48:43,249 [INFO] HTTP Request: GET https://lichess.org/api/account "HTTP/1.1 200 OK"
2026-03-22 21:48:43,253 [INFO] HTTP Request: GET https://lichess.org/api/account "HTTP/1.1 200 OK"
2026-03-22 21:48:43,255 [INFO] Playing as Black | Variant: standard
2026-03-22 21:48:43,256 [INFO] Playing as Black | Variant: threeCheck
2026-03-22 21:48:43,381 [INFO] HTTP Request: POST https://lichess.org/api/bot/game/dbB7qRE1/chat "HTTP/1.1 200 OK"
2026-03-22 21:48:43,388 [INFO] HTTP Request: POST https://lichess.org/api/bot/game/jkxTgzEf/chat "HTTP/1.1 200 OK"
2026-03-22 21:48:43,423 [INFO] HTTP Request: POST https://lichess.org/api/bot/game/q2pF8Vfb/chat "HTTP/1.1 200 OK"
2026-03-22 21:48:43,427 [INFO] HTTP Request: POST https://lichess.org/api/bot/game/v7QDQRQu/chat "HTTP/1.1 200 OK"
2026-03-22 21:48:43,434 [INFO] HTTP Request: POST https://lichess.org/api/bot/game/aHJnyhwJ/chat "HTTP/1.1 200 OK"
2026-03-22 21:48:43,513 [INFO] HTTP Request: POST https://lichess.org/api/bot/game/DvU2wizz/chat "HTTP/1.1 200 OK"
2026-03-22 21:48:48,723 [INFO] Challenge: World_Champppppppppp | chess960 | correspondence | rated=False
2026-03-22 21:48:50,786 [INFO] HTTP Request: POST https://lichess.org/api/challenge/mGfpjsOX/accept "HTTP/1.1 200 OK"
2026-03-22 21:48:50,814 [INFO] Accepted: World_Champppppppppp
2026-03-22 21:48:50,826 [INFO] Game starting: mGfpjsOX
2026-03-22 21:48:52,936 [INFO] HTTP Request: GET https://lichess.org/api/bot/game/stream/mGfpjsOX "HTTP/1.1 200 OK"
2026-03-22 21:48:55,748 [INFO] Engine started: Fairy-Stockfish
2026-03-22 21:48:56,262 [INFO] HTTP Request: GET https://lichess.org/api/account "HTTP/1.1 200 OK"
2026-03-22 21:48:56,283 [INFO] Playing as Black | Variant: chess960
2026-03-22 21:48:56,464 [INFO] HTTP Request: POST https://lichess.org/api/bot/game/mGfpjsOX/chat "HTTP/1.1 200 OK"
2026-03-22 21:53:25,755 [ERROR] Stockfish error: engine process died unexpectedly (exit code: 3221225786)
2026-03-22 21:53:25,765 [ERROR] Illegal/null move: None
2026-03-22 21:53:25,787 [WARNING] Resign failed: engine event loop dead
2026-03-22 21:53:25,843 [ERROR] Stockfish error: engine process died unexpectedly (exit code: 3221225786)
2026-03-22 21:53:25,847 [ERROR] Illegal/null move: None
2026-03-22 21:53:25,893 [ERROR] Stockfish error: engine process died unexpectedly (exit code: 3221225786)
2026-03-22 21:53:25,906 [ERROR] Illegal/null move: None
2026-03-22 21:56:49,945 [INFO] HTTP Request: GET https://lichess.org/api/account "HTTP/1.1 200 OK"
2026-03-22 21:56:49,945 [INFO] Logged in as: Inappropriate_BOT
2026-03-22 21:56:49,945 [INFO] StopBlunderingInOpeningsYouIdiot is ONLINE
2026-03-22 21:56:49,945 [INFO] Listening for events...
2026-03-22 21:56:50,746 [INFO] HTTP Request: GET https://lichess.org/api/stream/event "HTTP/1.1 200 OK"
2026-03-22 21:56:50,746 [INFO] Game starting: dbB7qRE1
2026-03-22 21:56:50,746 [INFO] Game starting: mGfpjsOX
2026-03-22 21:56:50,746 [INFO] Game starting: jkxTgzEf
2026-03-22 21:56:50,746 [INFO] Game starting: q2pF8Vfb
2026-03-22 21:56:50,746 [INFO] Game starting: aHJnyhwJ
2026-03-22 21:56:50,746 [INFO] Game starting: v7QDQRQu
2026-03-22 21:56:52,902 [INFO] Game starting: DvU2wizz
2026-03-22 21:56:53,779 [INFO] HTTP Request: GET https://lichess.org/api/bot/game/stream/DvU2wizz "HTTP/1.1 200 OK"
2026-03-22 21:56:53,779 [INFO] HTTP Request: GET https://lichess.org/api/bot/game/stream/dbB7qRE1 "HTTP/1.1 200 OK"
2026-03-22 21:56:53,812 [INFO] HTTP Request: GET https://lichess.org/api/bot/game/stream/q2pF8Vfb "HTTP/1.1 200 OK"
2026-03-22 21:56:53,817 [INFO] HTTP Request: GET https://lichess.org/api/bot/game/stream/jkxTgzEf "HTTP/1.1 200 OK"
2026-03-22 21:56:53,817 [INFO] HTTP Request: GET https://lichess.org/api/bot/game/stream/aHJnyhwJ "HTTP/1.1 200 OK"
2026-03-22 21:56:53,826 [INFO] HTTP Request: GET https://lichess.org/api/bot/game/stream/v7QDQRQu "HTTP/1.1 200 OK"
2026-03-22 21:56:53,826 [INFO] HTTP Request: GET https://lichess.org/api/bot/game/stream/mGfpjsOX "HTTP/1.1 200 OK"
2026-03-22 21:56:55,527 [INFO] Engine started: Fairy-Stockfish
2026-03-22 21:56:56,048 [INFO] HTTP Request: GET https://lichess.org/api/account "HTTP/1.1 200 OK"
2026-03-22 21:56:56,095 [INFO] Playing as Black | Variant: chess960
2026-03-22 21:56:56,316 [INFO] HTTP Request: POST https://lichess.org/api/bot/game/mGfpjsOX/chat "HTTP/1.1 200 OK"
2026-03-22 21:56:56,623 [INFO] Engine started: Stockfish
2026-03-22 21:56:56,654 [INFO] Engine started: Stockfish
2026-03-22 21:56:56,660 [INFO] Engine started: Stockfish
2026-03-22 21:56:56,670 [INFO] Engine started: Stockfish
2026-03-22 21:56:56,673 [INFO] Engine started: Stockfish
2026-03-22 21:56:56,694 [INFO] Engine started: Stockfish
2026-03-22 21:56:57,162 [INFO] HTTP Request: GET https://lichess.org/api/account "HTTP/1.1 200 OK"
2026-03-22 21:56:57,178 [INFO] Playing as Black | Variant: threeCheck
2026-03-22 21:56:57,178 [INFO] HTTP Request: GET https://lichess.org/api/account "HTTP/1.1 200 OK"
2026-03-22 21:56:57,178 [INFO] Playing as Black | Variant: threeCheck
2026-03-22 21:56:57,192 [INFO] HTTP Request: GET https://lichess.org/api/account "HTTP/1.1 200 OK"
2026-03-22 21:56:57,194 [INFO] Playing as Black | Variant: kingOfTheHill
2026-03-22 21:56:57,212 [INFO] HTTP Request: GET https://lichess.org/api/account "HTTP/1.1 200 OK"
2026-03-22 21:56:57,214 [INFO] Playing as White | Variant: kingOfTheHill
2026-03-22 21:56:57,220 [INFO] HTTP Request: GET https://lichess.org/api/account "HTTP/1.1 200 OK"
2026-03-22 21:56:57,220 [INFO] Playing as Black | Variant: standard
2026-03-22 21:56:57,226 [INFO] HTTP Request: GET https://lichess.org/api/account "HTTP/1.1 200 OK"
2026-03-22 21:56:57,226 [INFO] Playing as Black | Variant: standard
2026-03-22 21:56:57,336 [INFO] HTTP Request: POST https://lichess.org/api/bot/game/dbB7qRE1/chat "HTTP/1.1 200 OK"
2026-03-22 21:56:57,352 [INFO] HTTP Request: POST https://lichess.org/api/bot/game/aHJnyhwJ/chat "HTTP/1.1 200 OK"
2026-03-22 21:56:57,352 [INFO] HTTP Request: POST https://lichess.org/api/bot/game/v7QDQRQu/chat "HTTP/1.1 200 OK"
2026-03-22 21:56:57,383 [INFO] HTTP Request: POST https://lichess.org/api/bot/game/q2pF8Vfb/chat "HTTP/1.1 200 OK"
2026-03-22 21:56:57,402 [INFO] HTTP Request: POST https://lichess.org/api/bot/game/jkxTgzEf/chat "HTTP/1.1 200 OK"
2026-03-22 21:56:57,417 [INFO] Book move: c7c6
2026-03-22 21:56:57,480 [INFO] HTTP Request: POST https://lichess.org/api/bot/game/DvU2wizz/chat "HTTP/1.1 200 OK"
2026-03-22 21:56:57,777 [INFO] HTTP Request: POST https://lichess.org/api/bot/game/jkxTgzEf/move/c7c6 "HTTP/1.1 200 OK"
2026-03-22 21:56:57,829 [INFO] Sent: c7c6
2026-03-22 21:57:23,354 [INFO] Challenge: World_Champppppppppp | chess960 | correspondence | rated=False
2026-03-22 21:57:26,218 [INFO] HTTP Request: POST https://lichess.org/api/challenge/XekQhTM8/accept "HTTP/1.1 200 OK"
2026-03-22 21:57:26,238 [INFO] Accepted: World_Champppppppppp
2026-03-22 21:57:26,271 [INFO] Game starting: XekQhTM8
2026-03-22 21:57:29,727 [INFO] HTTP Request: GET https://lichess.org/api/bot/game/stream/XekQhTM8 "HTTP/1.1 200 OK"
2026-03-22 21:57:34,631 [INFO] Engine started: Fairy-Stockfish
2026-03-22 21:57:35,167 [INFO] HTTP Request: GET https://lichess.org/api/account "HTTP/1.1 200 OK"
2026-03-22 21:57:35,187 [INFO] Playing as Black | Variant: chess960
2026-03-22 21:57:35,392 [INFO] HTTP Request: POST https://lichess.org/api/bot/game/XekQhTM8/chat "HTTP/1.1 200 OK"
2026-03-22 22:01:25,851 [INFO] Game finished: DvU2wizz | Active: 7
2026-03-22 22:02:15,111 [INFO] Game finished: jkxTgzEf | Active: 6
2026-03-22 22:02:24,780 [INFO] Game finished: XekQhTM8 | Active: 5
2026-03-22 22:02:33,897 [INFO] Game finished: mGfpjsOX | Active: 4
2026-03-22 22:07:13,942 [INFO] HTTP Request: GET https://lichess.org/api/account "HTTP/1.1 200 OK"
2026-03-22 22:07:13,957 [INFO] Logged in as: Inappropriate_BOT
2026-03-22 22:07:13,957 [INFO] StopBlunderingInOpeningsYouIdiot is ONLINE
2026-03-22 22:07:13,957 [INFO] Listening for events...
2026-03-22 22:07:15,053 [INFO] HTTP Request: GET https://lichess.org/api/stream/event "HTTP/1.1 200 OK"
2026-03-22 22:07:27,621 [INFO] Challenge: World_Champppppppppp | standard | blitz | rated=False
2026-03-22 22:07:28,851 [INFO] HTTP Request: POST https://lichess.org/api/challenge/h7u4x8MV/accept "HTTP/1.1 200 OK"
2026-03-22 22:07:28,854 [INFO] Accepted: World_Champppppppppp
2026-03-22 22:07:28,856 [INFO] Game starting: h7u4x8MV
2026-03-22 22:07:31,722 [INFO] Engine started
2026-03-22 22:07:32,213 [INFO] HTTP Request: GET https://lichess.org/api/bot/game/stream/h7u4x8MV "HTTP/1.1 200 OK"
2026-03-22 22:07:32,726 [INFO] HTTP Request: GET https://lichess.org/api/account "HTTP/1.1 200 OK"
2026-03-22 22:07:32,737 [INFO] Playing as Black
2026-03-22 22:07:32,899 [INFO] HTTP Request: POST https://lichess.org/api/bot/game/h7u4x8MV/chat "HTTP/1.1 200 OK"
2026-03-22 22:07:33,023 [INFO] Book move: c7c5
2026-03-22 22:07:33,191 [INFO] HTTP Request: POST https://lichess.org/api/bot/game/h7u4x8MV/move/c7c5 "HTTP/1.1 200 OK"
2026-03-22 22:07:33,192 [INFO] Sent: c7c5
2026-03-22 22:07:35,185 [INFO] Out of book
2026-03-22 22:07:35,354 [INFO] HTTP Request: POST https://lichess.org/api/bot/game/h7u4x8MV/chat "HTTP/1.1 200 OK"
2026-03-22 22:07:51,888 [INFO] Stockfish ELO 1320: c5d4
2026-03-22 22:07:53,131 [INFO] HTTP Request: POST https://lichess.org/api/bot/game/h7u4x8MV/move/c5d4 "HTTP/1.1 200 OK"
2026-03-22 22:07:53,139 [INFO] Sent: c5d4
2026-03-22 22:07:56,940 [INFO] CPL: 52.0 | Avg: 52.0 | n=1
2026-03-22 22:08:07,798 [INFO] Stockfish ELO 1320: g8f6
2026-03-22 22:08:08,867 [INFO] HTTP Request: POST https://lichess.org/api/bot/game/h7u4x8MV/move/g8f6 "HTTP/1.1 200 OK"
2026-03-22 22:08:08,868 [INFO] Sent: g8f6
2026-03-22 22:08:11,691 [INFO] CPL: 4.0 | Avg: 28.0 | n=2
2026-03-22 22:08:28,008 [INFO] Stockfish ELO 1320: f6e4
2026-03-22 22:08:28,953 [INFO] HTTP Request: POST https://lichess.org/api/bot/game/h7u4x8MV/move/f6e4 "HTTP/1.1 200 OK"
2026-03-22 22:08:28,956 [INFO] Sent: f6e4
2026-03-22 22:08:33,623 [INFO] CPL: 15.0 | Avg: 23.7 | n=3
2026-03-22 22:08:33,623 [INFO] Avg CPL=23.7 -> ELO 2000
2026-03-22 22:09:27,243 [INFO] Stockfish ELO 2000: f7f5
2026-03-22 22:09:29,250 [INFO] HTTP Request: POST https://lichess.org/api/bot/game/h7u4x8MV/move/f7f5 "HTTP/1.1 200 OK"
2026-03-22 22:09:29,255 [INFO] Sent: f7f5
2026-03-22 22:09:35,881 [INFO] CPL: 0.0 | Avg: 17.8 | n=4
2026-03-22 22:09:35,881 [INFO] Avg CPL=17.8 -> ELO 2000
2026-03-22 22:09:52,424 [INFO] Stockfish ELO 2000: d7d5
2026-03-22 22:09:53,629 [INFO] HTTP Request: POST https://lichess.org/api/bot/game/h7u4x8MV/move/d7d5 "HTTP/1.1 200 OK"
2026-03-22 22:09:53,630 [INFO] Sent: d7d5
2026-03-22 22:09:59,214 [INFO] CPL: 0.0 | Avg: 14.2 | n=5
2026-03-22 22:09:59,214 [INFO] Avg CPL=14.2 -> ELO 2200
2026-03-22 22:10:09,380 [INFO] Stockfish ELO 2200: d5e4
2026-03-22 22:10:10,685 [INFO] HTTP Request: POST https://lichess.org/api/bot/game/h7u4x8MV/move/d5e4 "HTTP/1.1 200 OK"
2026-03-22 22:10:10,686 [INFO] Sent: d5e4
2026-03-22 22:10:13,310 [INFO] CPL: 0.0 | Avg: 11.8 | n=6
2026-03-22 22:10:13,310 [INFO] Avg CPL=11.8 -> ELO 2200
2026-03-22 22:10:26,415 [INFO] Stockfish ELO 2200: e8d8
2026-03-22 22:10:27,179 [INFO] HTTP Request: POST https://lichess.org/api/bot/game/h7u4x8MV/move/e8d8 "HTTP/1.1 200 OK"
2026-03-22 22:10:27,180 [INFO] Sent: e8d8
2026-03-22 22:11:01,103 [INFO] CPL: 91.0 | Avg: 23.1 | n=7
2026-03-22 22:11:01,103 [INFO] Avg CPL=23.1 -> ELO 2000
2026-03-22 22:11:59,659 [INFO] Stockfish ELO 2000: a7a6
2026-03-22 22:12:00,455 [INFO] HTTP Request: POST https://lichess.org/api/bot/game/h7u4x8MV/move/a7a6 "HTTP/1.1 200 OK"
2026-03-22 22:12:00,455 [INFO] Sent: a7a6
2026-03-22 22:12:09,718 [INFO] CPL: 88.0 | Avg: 31.2 | n=8
2026-03-22 22:12:09,718 [INFO] Avg CPL=31.2 -> ELO 1800
2026-03-22 22:12:58,814 [INFO] Stockfish ELO 1800: e7e6
2026-03-22 22:13:00,057 [INFO] HTTP Request: POST https://lichess.org/api/bot/game/h7u4x8MV/move/e7e6 "HTTP/1.1 200 OK"
2026-03-22 22:13:00,059 [INFO] Sent: e7e6
2026-03-22 22:13:18,714 [INFO] CPL: 78.0 | Avg: 36.4 | n=9
2026-03-22 22:13:18,714 [INFO] Avg CPL=36.4 -> ELO 1800
2026-03-22 22:13:42,491 [INFO] Stockfish ELO 1800: b8c6
2026-03-22 22:13:43,449 [INFO] HTTP Request: POST https://lichess.org/api/bot/game/h7u4x8MV/move/b8c6 "HTTP/1.1 200 OK"
2026-03-22 22:13:43,449 [INFO] Sent: b8c6
2026-03-22 22:14:12,875 [INFO] CPL: 0.0 | Avg: 32.8 | n=10
2026-03-22 22:14:12,876 [INFO] Avg CPL=32.8 -> ELO 1800
2026-03-22 22:14:48,549 [INFO] Stockfish ELO 1800: h7h6
2026-03-22 22:14:49,697 [INFO] HTTP Request: POST https://lichess.org/api/bot/game/h7u4x8MV/move/h7h6 "HTTP/1.1 200 OK"
2026-03-22 22:14:49,698 [INFO] Sent: h7h6
2026-03-22 22:14:50,063 [INFO] CPL: 0.0 | Avg: 29.8 | n=11
2026-03-22 22:14:50,063 [INFO] Avg CPL=29.8 -> ELO 1800
2026-03-22 22:14:54,445 [INFO] Stockfish ELO 1800: b7b5
2026-03-22 22:14:55,394 [INFO] HTTP Request: POST https://lichess.org/api/bot/game/h7u4x8MV/move/b7b5 "HTTP/1.1 200 OK"
2026-03-22 22:14:55,395 [INFO] Sent: b7b5
2026-03-22 22:14:55,574 [INFO] HTTP Request: POST https://lichess.org/api/bot/game/h7u4x8MV/draw/yes "HTTP/1.1 200 OK"
2026-03-22 22:14:55,748 [INFO] HTTP Request: POST https://lichess.org/api/bot/game/h7u4x8MV/chat "HTTP/1.1 200 OK"
2026-03-22 22:14:55,948 [INFO] HTTP Request: POST https://lichess.org/api/bot/game/h7u4x8MV/draw/yes "HTTP/1.1 200 OK"
2026-03-22 22:14:56,112 [INFO] HTTP Request: POST https://lichess.org/api/bot/game/h7u4x8MV/chat "HTTP/1.1 200 OK"
2026-03-22 22:14:57,196 [INFO] CPL: 278.0 | Avg: 50.5 | n=12
2026-03-22 22:14:57,197 [INFO] Avg CPL=50.5 -> ELO 1600
2026-03-22 22:14:59,404 [INFO] Game finished: h7u4x8MV | Active: 0
2026-03-22 22:15:00,907 [INFO] Challenge: World_Champppppppppp | standard | blitz | rated=False
2026-03-22 22:15:01,834 [INFO] HTTP Request: POST https://lichess.org/api/challenge/jjmWIIf5/accept "HTTP/1.1 200 OK"
2026-03-22 22:15:01,834 [INFO] Accepted: World_Champppppppppp
2026-03-22 22:15:01,953 [INFO] Game starting: jjmWIIf5
2026-03-22 22:15:04,894 [INFO] Engine started
2026-03-22 22:15:05,391 [INFO] HTTP Request: GET https://lichess.org/api/bot/game/stream/jjmWIIf5 "HTTP/1.1 200 OK"
2026-03-22 22:15:05,914 [INFO] HTTP Request: GET https://lichess.org/api/account "HTTP/1.1 200 OK"
2026-03-22 22:15:05,924 [INFO] Playing as White
2026-03-22 22:15:06,103 [INFO] HTTP Request: POST https://lichess.org/api/bot/game/jjmWIIf5/chat "HTTP/1.1 200 OK"
2026-03-22 22:15:06,107 [INFO] Book move: d2d4
2026-03-22 22:15:06,347 [INFO] HTTP Request: POST https://lichess.org/api/bot/game/jjmWIIf5/move/d2d4 "HTTP/1.1 200 OK"
2026-03-22 22:15:06,348 [INFO] Sent: d2d4
2026-03-22 22:15:12,736 [INFO] Bot stopped. GG.
2026-03-22 22:15:19,318 [INFO] HTTP Request: GET https://lichess.org/api/account "HTTP/1.1 200 OK"
2026-03-22 22:15:19,330 [INFO] Logged in as: Inappropriate_BOT
2026-03-22 22:15:19,331 [INFO] StopBlunderingInOpeningsYouIdiot is ONLINE
2026-03-22 22:15:19,331 [INFO] Listening for events...
2026-03-22 22:15:20,300 [INFO] HTTP Request: GET https://lichess.org/api/stream/event "HTTP/1.1 200 OK"
2026-03-22 22:15:20,300 [INFO] Game starting: jjmWIIf5
2026-03-22 22:15:20,752 [INFO] Game finished: jjmWIIf5 | Active: 0
2026-03-22 22:15:31,984 [INFO] Bot stopped. GG.
2026-03-22 22:15:37,426 [INFO] HTTP Request: GET https://lichess.org/api/account "HTTP/1.1 200 OK"
2026-03-22 22:15:37,428 [INFO] Logged in as: Inappropriate_BOT
2026-03-22 22:15:37,428 [INFO] StopBlunderingInOpeningsYouIdiot is ONLINE
2026-03-22 22:15:37,428 [INFO] Listening for events...
2026-03-22 22:15:38,320 [INFO] HTTP Request: GET https://lichess.org/api/stream/event "HTTP/1.1 200 OK"
2026-03-22 22:15:57,432 [INFO] Challenge: World_Champppppppppp | standard | correspondence | rated=False
2026-03-22 22:15:58,450 [INFO] HTTP Request: POST https://lichess.org/api/challenge/FSN8aZ78/accept "HTTP/1.1 200 OK"
2026-03-22 22:15:58,452 [INFO] Accepted: World_Champppppppppp
2026-03-22 22:15:58,453 [INFO] Game starting: FSN8aZ78
2026-03-22 22:15:59,929 [INFO] Engine started
2026-03-22 22:16:00,421 [INFO] HTTP Request: GET https://lichess.org/api/bot/game/stream/FSN8aZ78 "HTTP/1.1 200 OK"
2026-03-22 22:16:00,930 [INFO] HTTP Request: GET https://lichess.org/api/account "HTTP/1.1 200 OK"
2026-03-22 22:16:00,931 [INFO] Playing as Black
2026-03-22 22:16:01,096 [INFO] HTTP Request: POST https://lichess.org/api/bot/game/FSN8aZ78/chat "HTTP/1.1 200 OK"
2026-03-22 22:16:02,118 [INFO] Book move: d7d5
2026-03-22 22:16:02,287 [INFO] HTTP Request: POST https://lichess.org/api/bot/game/FSN8aZ78/move/d7d5 "HTTP/1.1 200 OK"
2026-03-22 22:16:02,288 [INFO] Sent: d7d5
2026-03-22 22:16:04,321 [INFO] Out of book
2026-03-22 22:16:04,488 [INFO] HTTP Request: POST https://lichess.org/api/bot/game/FSN8aZ78/chat "HTTP/1.1 200 OK"
2026-03-22 22:16:32,840 [INFO] Game finished: FSN8aZ78 | Active: 0
2026-03-22 22:17:00,945 [INFO] Challenge: World_Champppppppppp | standard | classical | rated=False
2026-03-22 22:17:01,957 [INFO] HTTP Request: POST https://lichess.org/api/challenge/a6DEcWua/accept "HTTP/1.1 200 OK"
2026-03-22 22:17:01,958 [INFO] Accepted: World_Champppppppppp
2026-03-22 22:17:01,959 [INFO] Game starting: a6DEcWua
2026-03-22 22:17:03,378 [INFO] Engine started
2026-03-22 22:17:03,877 [INFO] HTTP Request: GET https://lichess.org/api/bot/game/stream/a6DEcWua "HTTP/1.1 200 OK"
2026-03-22 22:17:04,399 [INFO] HTTP Request: GET https://lichess.org/api/account "HTTP/1.1 200 OK"
2026-03-22 22:17:04,399 [INFO] Playing as Black
2026-03-22 22:17:04,570 [INFO] HTTP Request: POST https://lichess.org/api/bot/game/a6DEcWua/chat "HTTP/1.1 200 OK"
2026-03-22 22:17:06,880 [INFO] Book move: d7d5
2026-03-22 22:17:07,049 [INFO] HTTP Request: POST https://lichess.org/api/bot/game/a6DEcWua/move/d7d5 "HTTP/1.1 200 OK"
2026-03-22 22:17:07,050 [INFO] Sent: d7d5
2026-03-22 22:17:08,013 [INFO] Out of book
2026-03-22 22:17:08,191 [INFO] HTTP Request: POST https://lichess.org/api/bot/game/a6DEcWua/chat "HTTP/1.1 200 OK"
2026-03-22 22:17:45,418 [INFO] Game finished: a6DEcWua | Active: 0
2026-03-22 22:17:46,262 [INFO] Challenge: World_Champppppppppp | standard | classical | rated=False
2026-03-22 22:17:47,172 [INFO] HTTP Request: POST https://lichess.org/api/challenge/juIoeOt6/accept "HTTP/1.1 200 OK"
2026-03-22 22:17:47,173 [INFO] Accepted: World_Champppppppppp
2026-03-22 22:17:47,281 [INFO] Game starting: juIoeOt6
2026-03-22 22:17:49,194 [INFO] Engine started
2026-03-22 22:17:49,683 [INFO] HTTP Request: GET https://lichess.org/api/bot/game/stream/juIoeOt6 "HTTP/1.1 200 OK"
2026-03-22 22:17:50,168 [INFO] HTTP Request: GET https://lichess.org/api/account "HTTP/1.1 200 OK"
2026-03-22 22:17:50,169 [INFO] Playing as White
2026-03-22 22:17:50,335 [INFO] HTTP Request: POST https://lichess.org/api/bot/game/juIoeOt6/chat "HTTP/1.1 200 OK"
2026-03-22 22:17:50,337 [INFO] Book move: e2e4
2026-03-22 22:17:50,495 [INFO] HTTP Request: POST https://lichess.org/api/bot/game/juIoeOt6/move/e2e4 "HTTP/1.1 200 OK"
2026-03-22 22:17:50,496 [INFO] Sent: e2e4
2026-03-22 22:17:51,848 [INFO] Book move: g1f3
2026-03-22 22:17:52,008 [INFO] HTTP Request: POST https://lichess.org/api/bot/game/juIoeOt6/move/g1f3 "HTTP/1.1 200 OK"
2026-03-22 22:17:52,008 [INFO] Sent: g1f3
2026-03-22 22:17:53,997 [INFO] Book move: f1b5
2026-03-22 22:17:54,157 [INFO] HTTP Request: POST https://lichess.org/api/bot/game/juIoeOt6/move/f1b5 "HTTP/1.1 200 OK"
2026-03-22 22:17:54,158 [INFO] Sent: f1b5
2026-03-22 22:17:56,459 [INFO] Book move: e1g1
2026-03-22 22:17:56,620 [INFO] HTTP Request: POST https://lichess.org/api/bot/game/juIoeOt6/move/e1g1 "HTTP/1.1 200 OK"
2026-03-22 22:17:56,621 [INFO] Sent: e1g1
2026-03-22 22:17:59,598 [INFO] Book move: d2d4
2026-03-22 22:17:59,763 [INFO] HTTP Request: POST https://lichess.org/api/bot/game/juIoeOt6/move/d2d4 "HTTP/1.1 200 OK"
2026-03-22 22:17:59,764 [INFO] Sent: d2d4
2026-03-22 22:18:02,738 [INFO] Out of book
2026-03-22 22:18:02,905 [INFO] HTTP Request: POST https://lichess.org/api/bot/game/juIoeOt6/chat "HTTP/1.1 200 OK"
2026-03-22 22:19:42,926 [INFO] Game finished: juIoeOt6 | Active: 0
2026-03-22 22:24:31,621 [INFO] Bot stopped. GG.
2026-03-22 22:24:38,396 [INFO] HTTP Request: GET https://lichess.org/api/account "HTTP/1.1 200 OK"
2026-03-22 22:24:38,398 [INFO] Logged in as: Inappropriate_BOT
2026-03-22 22:24:38,399 [INFO] StopBlunderingInOpeningsYouIdiot is ONLINE
2026-03-22 22:24:38,400 [INFO] Listening for events...
2026-03-22 22:24:39,315 [INFO] HTTP Request: GET https://lichess.org/api/stream/event "HTTP/1.1 200 OK"
2026-03-22 22:24:46,959 [INFO] Challenge: World_Champppppppppp | standard | classical | rated=False
2026-03-22 22:24:48,552 [INFO] HTTP Request: POST https://lichess.org/api/challenge/QAIElJjl/accept "HTTP/1.1 200 OK"
2026-03-22 22:24:48,554 [INFO] Accepted: World_Champppppppppp
2026-03-22 22:24:48,554 [INFO] Game starting: QAIElJjl
2026-03-22 22:24:50,527 [INFO] Engine started
2026-03-22 22:24:51,028 [INFO] HTTP Request: GET https://lichess.org/api/bot/game/stream/QAIElJjl "HTTP/1.1 200 OK"
2026-03-22 22:24:51,531 [INFO] HTTP Request: GET https://lichess.org/api/account "HTTP/1.1 200 OK"
2026-03-22 22:24:51,532 [INFO] Playing as Black
2026-03-22 22:24:51,701 [INFO] HTTP Request: POST https://lichess.org/api/bot/game/QAIElJjl/chat "HTTP/1.1 200 OK"
2026-03-22 22:24:51,705 [INFO] Book move: e7e5
2026-03-22 22:24:51,872 [INFO] HTTP Request: POST https://lichess.org/api/bot/game/QAIElJjl/move/e7e5 "HTTP/1.1 200 OK"
2026-03-22 22:24:51,873 [INFO] Sent: e7e5
2026-03-22 22:24:53,311 [INFO] Book move: e5d4
2026-03-22 22:24:53,477 [INFO] HTTP Request: POST https://lichess.org/api/bot/game/QAIElJjl/move/e5d4 "HTTP/1.1 200 OK"
2026-03-22 22:24:53,478 [INFO] Sent: e5d4
2026-03-22 22:24:55,141 [INFO] Out of book
2026-03-22 22:24:55,310 [INFO] HTTP Request: POST https://lichess.org/api/bot/game/QAIElJjl/chat "HTTP/1.1 200 OK"
2026-03-22 22:28:32,235 [INFO] Bot stopped. GG.
2026-03-22 22:28:37,669 [INFO] HTTP Request: GET https://lichess.org/api/account "HTTP/1.1 200 OK"
2026-03-22 22:28:37,669 [INFO] Logged in as: Inappropriate_BOT
2026-03-22 22:28:37,669 [INFO] StopBlunderingInOpeningsYouIdiot is ONLINE
2026-03-22 22:28:37,669 [INFO] Listening for events...
2026-03-22 22:28:38,624 [INFO] HTTP Request: GET https://lichess.org/api/stream/event "HTTP/1.1 200 OK"
2026-03-22 22:28:38,625 [INFO] Game starting: QAIElJjl
2026-03-22 22:28:40,177 [INFO] Engine started
2026-03-22 22:28:40,673 [INFO] HTTP Request: GET https://lichess.org/api/bot/game/stream/QAIElJjl "HTTP/1.1 200 OK"
2026-03-22 22:28:41,213 [INFO] HTTP Request: GET https://lichess.org/api/account "HTTP/1.1 200 OK"
2026-03-22 22:28:41,215 [INFO] Playing as Black
2026-03-22 22:28:41,387 [INFO] HTTP Request: POST https://lichess.org/api/bot/game/QAIElJjl/chat "HTTP/1.1 200 OK"
2026-03-22 22:28:41,390 [INFO] Out of book
2026-03-22 22:28:41,561 [INFO] HTTP Request: POST https://lichess.org/api/bot/game/QAIElJjl/chat "HTTP/1.1 200 OK"
2026-03-22 22:28:47,605 [INFO] Game finished: QAIElJjl | Active: 0
2026-03-22 22:28:48,460 [INFO] Challenge: World_Champppppppppp | standard | classical | rated=False
2026-03-22 22:28:49,399 [INFO] HTTP Request: POST https://lichess.org/api/challenge/1RNd3mPL/accept "HTTP/1.1 200 OK"
2026-03-22 22:28:49,400 [INFO] Accepted: World_Champppppppppp
2026-03-22 22:28:49,502 [INFO] Game starting: 1RNd3mPL
2026-03-22 22:28:51,891 [INFO] Engine started
2026-03-22 22:28:52,417 [INFO] HTTP Request: GET https://lichess.org/api/bot/game/stream/1RNd3mPL "HTTP/1.1 200 OK"
2026-03-22 22:28:52,955 [INFO] HTTP Request: GET https://lichess.org/api/account "HTTP/1.1 200 OK"
2026-03-22 22:28:52,956 [INFO] Playing as White
2026-03-22 22:28:53,135 [INFO] HTTP Request: POST https://lichess.org/api/bot/game/1RNd3mPL/chat "HTTP/1.1 200 OK"
2026-03-22 22:28:53,136 [INFO] Book move: e2e4
2026-03-22 22:28:53,310 [INFO] HTTP Request: POST https://lichess.org/api/bot/game/1RNd3mPL/move/e2e4 "HTTP/1.1 200 OK"
2026-03-22 22:28:53,311 [INFO] Sent: e2e4
2026-03-22 22:28:55,781 [INFO] Book move: g1f3
2026-03-22 22:28:55,958 [INFO] HTTP Request: POST https://lichess.org/api/bot/game/1RNd3mPL/move/g1f3 "HTTP/1.1 200 OK"
2026-03-22 22:28:55,960 [INFO] Sent: g1f3
2026-03-22 22:28:57,564 [INFO] Book move: d2d4
2026-03-22 22:28:57,739 [INFO] HTTP Request: POST https://lichess.org/api/bot/game/1RNd3mPL/move/d2d4 "HTTP/1.1 200 OK"
2026-03-22 22:28:57,740 [INFO] Sent: d2d4
2026-03-22 22:28:59,488 [INFO] Book move: f3d4
2026-03-22 22:28:59,695 [INFO] HTTP Request: POST https://lichess.org/api/bot/game/1RNd3mPL/move/f3d4 "HTTP/1.1 200 OK"
2026-03-22 22:28:59,696 [INFO] Sent: f3d4
2026-03-22 22:29:01,652 [INFO] Book move: d4b3
2026-03-22 22:29:01,825 [INFO] HTTP Request: POST https://lichess.org/api/bot/game/1RNd3mPL/move/d4b3 "HTTP/1.1 200 OK"
2026-03-22 22:29:01,826 [INFO] Sent: d4b3
2026-03-22 22:29:03,831 [INFO] Book move: b1c3
2026-03-22 22:29:04,016 [INFO] HTTP Request: POST https://lichess.org/api/bot/game/1RNd3mPL/move/b1c3 "HTTP/1.1 200 OK"
2026-03-22 22:29:04,017 [INFO] Sent: b1c3
2026-03-22 22:29:09,232 [INFO] Book move: d1e2
2026-03-22 22:29:09,742 [INFO] HTTP Request: POST https://lichess.org/api/bot/game/1RNd3mPL/move/d1e2 "HTTP/1.1 200 OK"
2026-03-22 22:29:09,742 [INFO] Sent: d1e2
2026-03-22 22:29:11,181 [INFO] Book move: c1g5
2026-03-22 22:29:11,358 [INFO] HTTP Request: POST https://lichess.org/api/bot/game/1RNd3mPL/move/c1g5 "HTTP/1.1 200 OK"
2026-03-22 22:29:11,359 [INFO] Sent: c1g5
2026-03-22 22:29:15,699 [INFO] Out of book
2026-03-22 22:29:15,868 [INFO] HTTP Request: POST https://lichess.org/api/bot/game/1RNd3mPL/chat "HTTP/1.1 200 OK"
2026-03-22 22:37:38,301 [INFO] Stockfish ELO 1320: e1c1
2026-03-22 22:37:38,790 [INFO] HTTP Request: POST https://lichess.org/api/bot/game/1RNd3mPL/move/e1c1 "HTTP/1.1 200 OK"
2026-03-22 22:37:38,792 [INFO] Sent: e1c1
2026-03-22 22:38:09,600 [INFO] Bot stopped. GG.
2026-03-22 22:38:17,711 [INFO] HTTP Request: GET https://lichess.org/api/account "HTTP/1.1 200 OK"
2026-03-22 22:38:17,713 [INFO] Logged in as: Inappropriate_BOT
2026-03-22 22:38:17,713 [INFO] StopBlunderingInOpeningsYouIdiot is ONLINE
2026-03-22 22:38:17,714 [INFO] Listening for events...
2026-03-22 22:38:18,655 [INFO] HTTP Request: GET https://lichess.org/api/stream/event "HTTP/1.1 200 OK"
2026-03-22 22:38:18,656 [INFO] Game starting: 1RNd3mPL
2026-03-22 22:38:19,592 [INFO] Engine started
2026-03-22 22:38:20,085 [INFO] HTTP Request: GET https://lichess.org/api/bot/game/stream/1RNd3mPL "HTTP/1.1 200 OK"
2026-03-22 22:38:20,591 [INFO] HTTP Request: GET https://lichess.org/api/account "HTTP/1.1 200 OK"
2026-03-22 22:38:20,592 [INFO] Playing as White
2026-03-22 22:38:20,755 [INFO] HTTP Request: POST https://lichess.org/api/bot/game/1RNd3mPL/chat "HTTP/1.1 200 OK"
2026-03-22 22:38:20,758 [INFO] Out of book
2026-03-22 22:38:20,926 [INFO] HTTP Request: POST https://lichess.org/api/bot/game/1RNd3mPL/chat "HTTP/1.1 200 OK"
2026-03-22 22:38:20,975 [ERROR] Game 1RNd3mPL error: 'SkillEstimator' object has no attribute 'get_elo'
Traceback (most recent call last):
  File "C:\Users\Aarav\OneDrive\Documents\Codes\pythonCodes\Chess\Lichess Bot\bot.py", line 109, in _run_game
    await GameHandler(game_id, self.token).run()
  File "C:\Users\Aarav\OneDrive\Documents\Codes\pythonCodes\Chess\Lichess Bot\game_handler.py", line 37, in run
    await self._handle_game_event(event)
  File "C:\Users\Aarav\OneDrive\Documents\Codes\pythonCodes\Chess\Lichess Bot\game_handler.py", line 50, in _handle_game_event
    await self._apply_state(event.get("state", {}))
  File "C:\Users\Aarav\OneDrive\Documents\Codes\pythonCodes\Chess\Lichess Bot\game_handler.py", line 102, in _apply_state
    await self._make_move(state)
  File "C:\Users\Aarav\OneDrive\Documents\Codes\pythonCodes\Chess\Lichess Bot\game_handler.py", line 119, in _make_move
    elo = self.estimator.get_elo() if self.estimator else Config.DEFAULT_ELO
          ^^^^^^^^^^^^^^^^^^^^^^
AttributeError: 'SkillEstimator' object has no attribute 'get_elo'
2026-03-22 22:38:34,017 [INFO] Challenge: World_Champppppppppp | standard | classical | rated=False
2026-03-22 22:38:35,073 [INFO] HTTP Request: POST https://lichess.org/api/challenge/iCpZrQ9S/accept "HTTP/1.1 200 OK"
2026-03-22 22:38:35,075 [INFO] Accepted: World_Champppppppppp
2026-03-22 22:38:35,075 [INFO] Game starting: iCpZrQ9S
2026-03-22 22:38:36,502 [INFO] Engine started
2026-03-22 22:38:37,000 [INFO] HTTP Request: GET https://lichess.org/api/bot/game/stream/iCpZrQ9S "HTTP/1.1 200 OK"
2026-03-22 22:38:37,479 [INFO] HTTP Request: GET https://lichess.org/api/account "HTTP/1.1 200 OK"
2026-03-22 22:38:37,480 [INFO] Playing as Black
2026-03-22 22:38:37,637 [INFO] HTTP Request: POST https://lichess.org/api/bot/game/iCpZrQ9S/chat "HTTP/1.1 200 OK"
2026-03-22 22:38:40,999 [INFO] Out of book
2026-03-22 22:38:41,157 [INFO] HTTP Request: POST https://lichess.org/api/bot/game/iCpZrQ9S/chat "HTTP/1.1 200 OK"
2026-03-22 22:38:41,205 [ERROR] Game iCpZrQ9S error: 'SkillEstimator' object has no attribute 'get_elo'
Traceback (most recent call last):
  File "C:\Users\Aarav\OneDrive\Documents\Codes\pythonCodes\Chess\Lichess Bot\bot.py", line 109, in _run_game
    await GameHandler(game_id, self.token).run()
  File "C:\Users\Aarav\OneDrive\Documents\Codes\pythonCodes\Chess\Lichess Bot\game_handler.py", line 37, in run
    await self._handle_game_event(event)
  File "C:\Users\Aarav\OneDrive\Documents\Codes\pythonCodes\Chess\Lichess Bot\game_handler.py", line 52, in _handle_game_event
    await self._apply_state(event)
  File "C:\Users\Aarav\OneDrive\Documents\Codes\pythonCodes\Chess\Lichess Bot\game_handler.py", line 102, in _apply_state
    await self._make_move(state)
  File "C:\Users\Aarav\OneDrive\Documents\Codes\pythonCodes\Chess\Lichess Bot\game_handler.py", line 119, in _make_move
    elo = self.estimator.get_elo() if self.estimator else Config.DEFAULT_ELO
          ^^^^^^^^^^^^^^^^^^^^^^
AttributeError: 'SkillEstimator' object has no attribute 'get_elo'
2026-03-22 22:38:52,958 [INFO] Game finished: iCpZrQ9S | Active: 1
